Site,H,Co,T,Section,Top(cm),Bot(cm),mbsf,mcd,Species,d18O,d13C,d18O_cib_adj,d13C_cib_adj,age_ka
ODP1209,A,4,H,3,0,2,30.2,33.87,CWUEL,2.85,-0.086,3.49,-0.086,2348.2
ODP1209,A,4,H,3,5,7,30.25,33.92,CWUEL,2.946,-0.14,3.586,-0.14,2358.8
ODP1209,A,4,H,3,15,17,30.35,34.02,CWUEL,3.422,-0.324,4.062,-0.324,2366.6
ODP1209,A,4,H,3,25,27,30.45,34.12,CWUEL,2.941,0.139,3.581,0.139,2375.7
ODP1209,A,4,H,3,30,32,30.5,34.17,CWUEL,2.927,0.217,3.567,0.217,2379.3
ODP1209,A,4,H,3,37,39,30.57,34.24,CWUEL,3.024,0.163,3.664,0.163,2384.9
ODP1209,A,4,H,3,44,46,30.64,34.31,CWUEL,3.04,0.069,3.68,0.069,2389.8
ODP1209,A,4,H,3,55,57,30.75,34.42,CWUEL,3.116,0.005,3.756,0.005,2397.1
ODP1209,A,4,H,3,59,61,30.79,34.46,CWUEL,3.043,-0.14,3.683,-0.14,2400
ODP1209,A,4,H,3,65,67,30.85,34.52,CWUEL,3.049,0.002,3.689,0.002,2404.2
ODP1209,A,4,H,3,75,77,30.95,34.62,CWUEL,3.025,0.059,3.665,0.059,2410.9
ODP1209,A,4,H,3,85,87,31.05,34.72,CWUEL,2.861,0.003,3.501,0.003,2417.1
ODP1209,A,4,H,3,90,92,31.1,34.77,CWUEL,3.078,-0.141,3.718,-0.141,2420
ODP1209,A,4,H,3,95,97,31.15,34.82,CWUEL,3.05,-0.016,3.69,-0.016,2422.9
ODP1209,A,4,H,3,105,107,31.25,34.92,CWUEL,3.606,-0.449,4.246,-0.449,2429.6
ODP1209,A,4,H,3,115,117,31.35,35.02,CWUEL,3.623,-0.233,4.263,-0.233,2435.6
ODP1209,A,4,H,3,120,122,31.4,35.07,CWUEL,3.559,-0.507,4.199,-0.507,2438.9
ODP1209,A,4,H,3,125,127,31.45,35.12,CWUEL,3.445,-0.564,4.085,-0.564,2442
ODP1209,A,4,H,3,135,137,31.55,35.22,CWUEL,3.501,-0.563,4.141,-0.563,2447.1
ODP1209,A,4,H,3,140,142,31.6,35.27,CWUEL,3.133,-0.227,3.773,-0.227,2450
ODP1209,A,4,H,3,145,147,31.65,35.32,CWUEL,3.08,-0.201,3.72,-0.201,2453.4
ODP1209,A,4,H,4,5,7,31.75,35.42,CWUEL,2.828,-0.317,3.468,-0.317,2463.6
ODP1209,A,4,H,4,15,17,31.85,35.52,CWUEL,2.755,-0.429,3.395,-0.429,2472.9
ODP1209,A,4,H,4,25,27,31.95,35.62,CWUEL,3.403,-0.704,4.043,-0.704,2480.7
ODP1209,A,4,H,4,30,32,32,35.67,CWUEL,3.65,-0.463,4.29,-0.463,2485.2
ODP1209,A,4,H,4,34,36,32.04,35.71,CWUEL,3.458,-0.474,4.098,-0.474,2488.7
ODP1209,A,4,H,4,45,47,32.15,35.82,CWUEL,3.226,-0.184,3.866,-0.184,2494.9
ODP1209,A,4,H,4,55,57,32.25,35.92,CWUEL,2.583,1.05,3.223,1.05,2499.4
ODP1209,A,4,H,4,61,63,32.31,35.98,CWUEL,3.281,-0.5,3.921,-0.5,2501.4
ODP1209,A,4,H,4,65,67,32.35,36.02,CWUEL,2.674,0.077,3.314,0.077,2503
ODP1209,A,4,H,4,75,77,32.45,36.12,CWUEL,3.081,-0.511,3.721,-0.511,2506.1
ODP1209,A,4,H,4,85,87,32.55,36.22,CWUEL,3.369,-0.528,4.009,-0.528,2509.4
ODP1209,A,4,H,4,90,92,32.6,36.27,CWUEL,3.356,-0.46,3.996,-0.46,2511.2
ODP1209,A,4,H,4,95,97,32.65,36.32,CWUEL,3.314,-0.508,3.954,-0.508,2513.2
ODP1209,A,4,H,4,104,106,32.74,36.41,CWUEL,3.301,-0.504,3.941,-0.504,2517.6
ODP1209,A,4,H,4,117,119,32.87,36.54,CWUEL,3.409,-0.526,4.049,-0.526,2530.1
ODP1209,A,4,H,4,119.5,121.5,32.895,36.565,CWUEL,3.657,-0.627,4.297,-0.627,2532.1
ODP1209,A,4,H,4,126,128,32.96,36.63,CWUEL,3.404,-0.475,4.044,-0.475,2536.3
ODP1209,A,4,H,4,143,145,33.13,36.8,CWUEL,2.882,-0.057,3.522,-0.057,2545
ODP1209,A,4,H,5,5,7,33.25,36.92,CWUEL,2.784,0.024,3.424,0.024,2550.8
ODP1209,A,4,H,5,15,17,33.35,37.02,CWUEL,3.131,-0.252,3.771,-0.252,2555
ODP1209,A,4,H,5,25,27,33.45,37.12,CWUEL,3.098,-0.333,3.738,-0.333,2559.2
ODP1209,A,4,H,5,34,36,33.54,37.21,CWUEL,3.106,-0.062,3.746,-0.062,2562.6
ODP1209,A,4,H,5,45,47,33.65,37.32,CWUEL,3.348,-0.145,3.988,-0.145,2566.3
ODP1209,A,4,H,5,55,57,33.75,37.42,CWUEL,3.086,-0.122,3.726,-0.122,2570.3
ODP1209,A,4,H,5,65,67,33.85,37.52,CWUEL,3.183,-0.111,3.823,-0.111,2575
ODP1209,A,4,H,5,75,77,33.95,37.62,CWUEL,3.08,-0.146,3.72,-0.146,2580.8
ODP1209,A,4,H,5,85,87,34.05,37.72,CWUEL,2.838,-0.06,3.478,-0.06,2587.9
ODP1209,A,4,H,5,95,97,34.15,37.82,CWUEL,3.215,-0.465,3.855,-0.465,2594.6
ODP1209,A,4,H,5,105,107,34.25,37.92,CWUEL,3.133,-0.298,3.773,-0.298,2599.5
ODP1209,A,4,H,5,115,117,34.35,38.02,CWUEL,3.52,-0.447,4.16,-0.447,2604.4
ODP1209,A,4,H,5,125,127,34.45,38.12,CWUEL,3.187,-0.325,3.827,-0.325,2609.7
ODP1209,A,4,H,5,135,137,34.55,38.22,CWUEL,3.135,-0.191,3.775,-0.191,2616.6
ODP1209,A,4,H,5,145,147,34.65,38.32,CWUEL,2.817,0.109,3.457,0.109,2623
ODP1209,A,4,H,6,5,7,34.75,38.42,CWUEL,3.021,-0.017,3.661,-0.017,2628.8
ODP1209,A,4,H,6,15,17,34.85,38.52,CWUEL,3.149,-0.253,3.789,-0.253,2633
ODP1209,B,5,H,1,125,127,34.85,38.57,CWUEL,3.149,-0.224,3.789,-0.224,2635.3
ODP1209,A,4,H,6,25,27,34.95,38.62,CWUEL,3.326,-0.384,3.966,-0.384,2637.3
ODP1209,B,5,H,1,135,137,34.95,38.67,CWUEL,3.317,-0.28,3.957,-0.28,2639.3
ODP1209,B,5,H,1,145,147,35.05,38.77,CWUEL,3.264,-0.339,3.904,-0.339,2642.8
ODP1209,B,5,H,2,0,2,35.1,38.82,CWUEL,3.072,-0.193,3.712,-0.193,2644.8
ODP1209,B,5,H,2,5,7,35.15,38.87,CWUEL,3.226,-0.181,3.866,-0.181,2646.6
ODP1209,B,5,H,2,15,17,35.25,38.97,CWUEL,3.283,-0.094,3.923,-0.094,2650.2
ODP1209,B,5,H,2,25,27,35.35,39.07,CWUEL,3.009,-0.06,3.649,-0.06,2654.6
ODP1209,B,5,H,2,35,37,35.45,39.17,CWUEL,3.106,-0.028,3.746,-0.028,2659.5
ODP1209,B,5,H,2,45,47,35.55,39.27,CWUEL,3.243,-0.319,3.883,-0.319,2663.7
ODP1209,B,5,H,2,55,57,35.65,39.37,CWUEL,3.174,0.003,3.814,0.003,2668.4
ODP1209,B,5,H,2,60,62,35.7,39.42,CWUEL,3.054,-0.053,3.694,-0.053,2671.1
ODP1209,B,5,H,2,65,67,35.75,39.47,CWUEL,2.951,-0.168,3.591,-0.168,2674
ODP1209,B,5,H,2,75,77,35.85,39.57,CWUEL,3.177,-0.28,3.817,-0.28,2677.7
ODP1209,B,5,H,2,85,87,35.95,39.67,CWUEL,3.354,-0.208,3.994,-0.208,2681.8
ODP1209,B,5,H,2,90,92,36,39.72,CWUEL,3.402,-0.479,4.042,-0.479,2683.8
ODP1209,B,5,H,2,95,97,36.05,39.77,CWUEL,3.481,-0.113,4.121,-0.113,2685.3
ODP1209,B,5,H,2,105,107,36.15,39.87,CWUEL,3.418,-0.258,4.058,-0.258,2688.4
ODP1209,B,5,H,2,115,117,36.25,39.97,CWUEL,3.315,-0.208,3.955,-0.208,2691.8
ODP1209,B,5,H,2,120,122,36.3,40.02,CWUEL,3.04,-0.367,3.68,-0.367,2693.5
ODP1209,B,5,H,2,125,127,36.35,40.07,CWUEL,3.112,-0.155,3.752,-0.155,2695.3
ODP1209,B,5,H,2,135,137,36.45,40.17,CWUEL,3.208,-0.049,3.848,-0.049,2698.7
ODP1209,B,5,H,2,140,142,36.51,40.23,CWUEL,3.237,-0.263,3.877,-0.263,2700.9
ODP1209,B,5,H,2,145,147,36.55,40.27,CWUEL,3.145,-0.332,3.785,-0.332,2702.9
ODP1209,B,5,H,3,2,4,36.62,40.34,CWUEL,3.355,-0.327,3.995,-0.327,2706.7
ODP1209,B,5,H,3,5,7,36.65,40.37,CWUEL,3.323,-0.53,3.963,-0.53,2708.4
ODP1209,B,5,H,3,15,17,36.75,40.47,CWUEL,3.32,-0.698,3.96,-0.698,2713.8
ODP1209,B,5,H,3,25,27,36.85,40.57,CWUEL,3.537,-0.52,4.177,-0.52,2719.3
ODP1209,B,5,H,3,30,32,36.9,40.62,CWUEL,3.592,-0.396,4.232,-0.396,2722.4
ODP1209,B,5,H,3,35,37,36.95,40.67,CWUEL,3.314,-0.135,3.954,-0.135,2725.3
ODP1209,B,5,H,3,45,47,37.05,40.77,CWUEL,2.94,-0.087,3.58,-0.087,2731.1
ODP1209,B,5,H,3,55,57,37.15,40.87,CWUEL,2.737,-0.045,3.377,-0.045,2736.2
ODP1209,B,5,H,3,65,67,37.25,40.97,,,,,,2743.4
ODP1209,B,5,H,3,78,80,37.38,41.1,,,,,,2752.5
ODP1209,B,5,H,3,85,87,37.45,41.17,CWUEL,3.074,-0.193,3.714,-0.193,2756.7
ODP1209,B,5,H,3,90,92,37.5,41.22,CWUEL,2.93,-0.231,3.57,-0.231,2759.8
ODP1209,B,5,H,3,95,97,37.55,41.27,CWUEL,3.061,-0.125,3.701,-0.125,2762.5
ODP1209,B,5,H,3,105,107,37.65,41.37,CWUEL,2.982,0.101,3.622,0.101,2767.8
ODP1209,B,5,H,3,115,117,37.75,41.47,CWUEL,2.818,0.078,3.458,0.078,2772.5
ODP1209,B,5,H,3,120,122,37.8,41.52,CWUEL,2.587,-0.12,3.227,-0.12,2775.2
ODP1209,B,5,H,3,125,127,37.85,41.57,CWUEL,2.815,-0.08,3.455,-0.08,2777.6
ODP1209,B,5,H,3,135,137,37.95,41.67,CWUEL,2.882,0.103,3.522,0.103,2782.7
ODP1209,B,5,H,3,141,143,38,41.72,CWUEL,2.875,0.035,3.515,0.035,2785.8
ODP1209,B,5,H,3,145,147,38.05,41.77,CWUEL,2.979,0.071,3.619,0.071,2788.5
ODP1209,B,5,H,4,0,2,38.1,41.82,CWUEL,2.943,0.079,3.583,0.079,2792.3
ODP1209,B,5,H,4,5,7,38.15,41.87,CWUEL,2.973,0.025,3.613,0.025,2795.6
ODP1209,B,5,H,4,15,17,38.25,41.97,CWUEL,3.199,-0.129,3.839,-0.129,2802.3
ODP1209,B,5,H,4,25,27,38.35,42.07,CWUEL,3.275,-0.075,3.915,-0.075,2809.6
ODP1209,B,5,H,4,35,37,38.45,42.17,CWUEL,3.211,-0.048,3.851,-0.048,2815.6
ODP1209,B,5,H,4,45,47,38.55,42.27,CWUEL,2.896,0.276,3.536,0.276,2820.5
ODP1209,B,5,H,4,55,57,38.65,42.37,CWUEL,2.912,0.161,3.552,0.161,2824.5
ODP1209,B,5,H,4,65,67,38.75,42.47,CWUEL,2.865,0.031,3.505,0.031,2828.1
ODP1209,B,5,H,4,75,77,38.85,42.57,CWUEL,2.951,0.245,3.591,0.245,2831.4
ODP1209,B,5,H,4,85,87,38.95,42.67,CWUEL,2.946,0.076,3.586,0.076,2835.2
ODP1209,B,5,H,4,95,97,39.05,42.77,CWUEL,3.022,-0.116,3.662,-0.116,2839.2
ODP1209,B,5,H,4,105,107,39.15,42.87,CWUEL,3.158,-0.246,3.798,-0.246,2843.2
ODP1209,B,5,H,4,115,117,39.25,42.97,CWUEL,3.163,0.013,3.803,0.013,2847.4
ODP1209,B,5,H,4,125,127,39.35,43.07,CWUEL,3.109,0.028,3.749,0.028,2851.7
ODP1209,B,5,H,4,135,137,39.45,43.17,CWUEL,2.839,0.24,3.479,0.24,2856.3
ODP1209,B,5,H,4,145,147,39.55,43.27,CWUEL,2.796,0.009,3.436,0.009,2860.1
ODP1209,B,5,H,5,2,4,39.62,43.34,CWUEL,2.898,-0.002,3.538,-0.002,2863
ODP1209,B,5,H,5,5,7,39.65,43.37,CWUEL,2.794,-0.075,3.434,-0.075,2864.3
ODP1209,B,5,H,5,15,17,39.75,43.47,CWUEL,2.92,0.053,3.56,0.053,2869
ODP1209,B,5,H,5,25,27,39.85,43.57,CWUEL,3.017,-0.001,3.657,-0.001,2873.5
ODP1209,B,5,H,5,30,32,39.9,43.62,CWUEL,3.036,0.029,3.676,0.029,2876.1
ODP1209,B,5,H,5,35,37,39.95,43.67,CWUEL,3.183,-0.11,3.823,-0.11,2878.3
ODP1209,B,5,H,5,45,47,40.05,43.77,CWUEL,3.269,-0.088,3.909,-0.088,2883.2
ODP1209,B,5,H,5,55,57,40.15,43.87,CWUEL,3.135,-0.134,3.775,-0.134,2887.9
ODP1209,B,5,H,5,60,62,40.2,43.92,CWUEL,2.923,0.058,3.563,0.058,2890.6
ODP1209,B,5,H,5,65,67,40.25,43.97,CWUEL,3.001,-0.223,3.641,-0.223,2893.2
ODP1209,B,5,H,5,78,80,40.38,44.1,CWUEL,2.897,0.062,3.537,0.062,2899.5
ODP1209,B,5,H,5,85,87,40.45,44.17,CWUEL,2.873,-0.051,3.513,-0.051,2902.4
ODP1209,A,5,H,3,65,67,40.35,44.21,CWUEL,2.878,0.078,3.518,0.078,2904.4
ODP1209,B,5,H,5,91,93,40.51,44.23,CWUEL,2.851,0.064,3.491,0.064,2905.5
ODP1209,B,5,H,5,95,97,40.55,44.27,CWUEL,2.932,-0.108,3.572,-0.108,2907
ODP1209,A,5,H,3,75,77,40.45,44.31,CWUEL,2.814,-0.023,3.454,-0.023,2908.6
ODP1209,A,5,H,3,85,87,40.55,44.41,CWUEL,2.96,0.05,3.6,0.05,2912.8
ODP1209,A,5,H,3,95,97,40.65,44.51,CWUEL,2.816,-0.145,3.456,-0.145,2916.6
ODP1209,A,5,H,3,105,107,40.75,44.61,CWUEL,3.072,-0.129,3.712,-0.129,2921
ODP1209,A,5,H,3,115,117,40.85,44.71,CWUEL,3.019,-0.246,3.659,-0.246,2926.4
ODP1209,A,5,H,3,125,127,40.95,44.81,CWUEL,3.325,-0.51,3.965,-0.51,2931.9
ODP1209,A,5,H,3,131,133,41.01,44.87,CWUEL,2.871,-0.085,3.511,-0.085,2935.5
ODP1209,A,5,H,3,145,147,41.15,45.01,CWUEL,2.707,0.095,3.347,0.095,2941.3
ODP1209,A,5,H,4,0,3,41.2,45.06,CWUEL,2.679,-0.066,3.319,-0.066,2943.5
ODP1209,A,5,H,4,5,7,41.25,45.11,CWUEL,2.528,-0.093,3.168,-0.093,2945.5
ODP1209,A,5,H,4,15,17,41.35,45.21,CWUEL,2.784,-0.088,3.424,-0.088,2949.7
ODP1209,A,5,H,4,25,27,41.45,45.31,CWUEL,2.66,0.23,3.3,0.23,2954.2
ODP1209,A,5,H,4,30,32,41.5,45.36,CWUEL,2.776,-0.124,3.416,-0.124,2956.8
ODP1209,A,5,H,4,32,34,41.52,45.38,CWUEL,2.896,0.241,3.536,0.241,2957.7
ODP1209,A,5,H,4,43,45,41.63,45.49,CWUEL,2.961,0.087,3.601,0.087,2962
ODP1209,A,5,H,4,57,59,41.77,45.63,CWUEL,2.927,0.049,3.567,0.049,2967.1
ODP1209,A,5,H,4,60,62,41.8,45.66,CWUEL,2.944,0.05,3.584,0.05,2968.4
ODP1209,A,5,H,4,65,67,41.85,45.71,CWUEL,2.933,0.041,3.573,0.041,2970.2
ODP1209,A,5,H,4,75,77,41.95,45.81,CWUEL,3.009,-0.151,3.649,-0.151,2974.6
ODP1209,A,5,H,4,85,87,42.05,45.91,CWUEL,3.035,-0.256,3.675,-0.256,2978.9
ODP1209,A,5,H,4,90,92,42.1,45.96,CWUEL,3.011,-0.067,3.651,-0.067,2981.5
ODP1209,A,5,H,4,95,97,42.15,46.01,CWUEL,2.891,-0.141,3.531,-0.141,2983.8
ODP1209,A,5,H,4,107,109,42.27,46.13,CWUEL,2.809,-0.096,3.449,-0.096,2988.9
ODP1209,A,5,H,4,115,117,42.35,46.21,CWUEL,3.004,-0.057,3.644,-0.057,2992.2
ODP1209,A,5,H,4,119,121,42.39,46.25,CWUEL,2.899,-0.07,3.539,-0.07,2994.2
ODP1209,A,5,H,4,125,127,42.45,46.31,CWUEL,2.87,-0.017,3.51,-0.017,2997.1
ODP1209,A,5,H,4,135,137,42.55,46.41,CWUEL,3.006,-0.072,3.646,-0.072,3002.2
ODP1209,A,5,H,4,139,141,42.59,46.45,CWUEL,3.116,-0.138,3.756,-0.138,3004.4
ODP1209,A,5,H,4,142,144,42.62,46.48,CWUEL,3.072,-0.071,3.712,-0.071,3006
ODP1209,A,5,H,5,0,2,42.7,46.56,CWUEL,3.039,0.122,3.679,0.122,3010
ODP1209,A,5,H,5,5,7,42.75,46.61,CWUEL,3.112,-0.004,3.752,-0.004,3012.2
ODP1209,A,5,H,5,15,17,42.85,46.71,CWUEL,3.039,-0.319,3.679,-0.319,3016.7
ODP1209,A,5,H,5,25,27,42.95,46.81,CWUEL,3.017,-0.026,3.657,-0.026,3020.9
ODP1209,A,5,H,5,30,32,43,46.86,CWUEL,3.017,-0.217,3.657,-0.217,3023.3
ODP1209,A,5,H,5,37,39,43.07,46.93,CWUEL,3.064,-0.249,3.704,-0.249,3026.7
ODP1209,A,5,H,5,45,47,43.15,47.01,CWUEL,3.013,-0.292,3.653,-0.292,3031.8
ODP1209,A,5,H,5,55,57,43.25,47.11,CWUEL,2.869,-0.189,3.509,-0.189,3038.5
ODP1209,A,5,H,5,60,62,43.3,47.16,CWUEL,2.944,-0.05,3.584,-0.05,3042
ODP1209,A,5,H,5,65,67,43.35,47.21,CWUEL,2.884,-0.102,3.524,-0.102,3044.9
ODP1209,A,5,H,5,75,77,43.45,47.31,CWUEL,3.019,-0.179,3.659,-0.179,3050
ODP1209,A,5,H,5,85,87,43.55,47.41,CWUEL,2.835,0.022,3.475,0.022,3055.4
ODP1209,A,5,H,5,90,92,43.6,47.46,CWUEL,2.972,-0.112,3.612,-0.112,3058.7
ODP1209,A,5,H,5,95,97,43.65,47.51,CWUEL,2.91,0.053,3.55,0.053,3061.4
ODP1209,A,5,H,5,107,109,43.77,47.63,CWUEL,2.836,0.047,3.476,0.047,3067.8
ODP1209,A,5,H,5,115,117,43.85,47.71,CWUEL,2.931,-0.018,3.571,-0.018,3072.3
ODP1209,A,5,H,5,120,122,43.9,47.76,CWUEL,2.929,0.033,3.569,0.033,3075.6
ODP1209,A,5,H,5,125,127,43.95,47.81,CWUEL,2.827,0.041,3.467,0.041,3078.9
ODP1209,A,5,H,5,135,137,44.05,47.91,CWUEL,2.842,0.128,3.482,0.128,3085.2
ODP1209,A,5,H,5,140,142,44.1,47.96,CWUEL,2.757,0.117,3.397,0.117,3088.7
ODP1209,A,5,H,5,145,147,44.15,48.01,CWUEL,2.959,-0.137,3.599,-0.137,3091.8
ODP1209,A,5,H,6,0,2,44.2,48.06,CWUEL,3.074,-0.008,3.714,-0.008,3095.2
ODP1209,A,5,H,6,5,7,44.25,48.11,CWUEL,2.806,-0.021,3.446,-0.021,3098.3
ODP1209,A,5,H,6,15,17,44.35,48.21,CWUEL,2.874,-0.159,3.514,-0.159,3103.6
ODP1209,A,5,H,6,25,27,44.45,48.31,CWUEL,2.961,0.013,3.601,0.013,3109
ODP1209,A,5,H,6,30,32,44.5,48.36,CWUEL,2.962,-0.011,3.602,-0.011,3111.9
ODP1209,A,5,H,6,35,37,44.55,48.41,CWUEL,2.859,-0.066,3.499,-0.066,3114.3
ODP1209,A,5,H,6,45,47,44.65,48.51,CWUEL,3.006,0.051,3.646,0.051,3118.7
ODP1209,A,5,H,6,55,57,44.75,48.61,CWUEL,3.024,0.011,3.664,0.011,3123.2
ODP1209,A,5,H,6,60,62,44.8,48.66,CWUEL,2.9,-0.07,3.54,-0.07,3125.4
ODP1209,A,5,H,6,65,67,44.85,48.71,CWUEL,2.982,-0.113,3.622,-0.113,3127.2
ODP1209,A,5,H,6,75,77,44.95,48.81,CWUEL,3.019,-0.153,3.659,-0.153,3131.2
ODP1209,A,5,H,6,85,87,45.05,48.91,CWUEL,3.127,-0.411,3.767,-0.411,3135.4
ODP1209,A,5,H,6,90,92,45.1,48.96,CWUEL,3.087,-0.244,3.727,-0.244,3138.1
ODP1209,A,5,H,6,95,97,45.15,49.01,CWUEL,3.034,-0.297,3.674,-0.297,3140.8
ODP1209,A,5,H,6,106,108,45.26,49.12,CWUEL,3.117,-0.3,3.757,-0.3,3146.8
ODP1209,B,6,H,1,15,17,43.25,49.17,CWUEL,2.738,-0.119,3.378,-0.119,3149.9
ODP1209,A,5,H,6,115,117,45.35,49.21,CWUEL,2.704,-0.111,3.344,-0.111,3153
ODP1209,B,6,H,1,25,27,43.35,49.27,CWUEL,2.624,-0.016,3.264,-0.016,3156.8
ODP1209,B,6,H,1,30,32,43.4,49.32,CWUEL,2.48,0.087,3.12,0.087,3159.9
ODP1209,B,6,H,1,35,37,43.45,49.37,CWUEL,2.53,0.012,3.17,0.012,3162.6
ODP1209,B,6,H,1,45,47,43.55,49.47,CWUEL,2.676,0.096,3.316,0.096,3167.7
ODP1209,B,6,H,1,55,57,43.65,49.57,CWUEL,2.893,0.081,3.533,0.081,3172.6
ODP1209,B,6,H,1,60,62,43.7,49.62,CWUEL,2.747,0.017,3.387,0.017,3175.7
ODP1209,B,6,H,1,65,67,43.75,49.67,CWUEL,2.739,0.079,3.379,0.079,3178.8
ODP1209,B,6,H,1,78,80,43.88,49.8,CWUEL,2.865,0.121,3.505,0.121,3186.1
ODP1209,B,6,H,1,85,87,43.95,49.87,CWUEL,2.931,0.261,3.571,0.261,3190.6
ODP1209,B,6,H,1,90,92,44,49.92,CWUEL,2.825,0.264,3.465,0.264,3194.1
ODP1209,B,6,H,1,95,97,44.05,49.97,CWUEL,2.757,0.259,3.397,0.259,3197.5
ODP1209,B,6,H,1,105,107,44.15,50.07,CWUEL,2.715,0.334,3.355,0.334,3203.9
ODP1209,B,6,H,1,115,117,44.25,50.17,CWUEL,2.762,0.283,3.402,0.283,3209.7
ODP1209,B,6,H,1,120,122,44.3,50.22,CWUEL,2.722,0.336,3.362,0.336,3212.6
ODP1209,B,6,H,1,125,127,44.35,50.27,CWUEL,2.673,0.275,3.313,0.275,3214.8
ODP1209,B,6,H,1,135,137,44.45,50.37,CWUEL,2.737,0.286,3.377,0.286,3219
ODP1209,B,6,H,1,140,142,44.5,50.42,CWUEL,2.86,0.206,3.5,0.206,3221.7
ODP1209,B,6,H,1,145,147,44.55,50.47,CWUEL,2.791,0.179,3.431,0.179,3224.2
ODP1209,B,6,H,2,0,2,44.6,50.52,CWUEL,2.888,0.145,3.528,0.145,3227.1
ODP1209,B,6,H,2,5,7,44.65,50.57,CWUEL,2.896,0.23,3.536,0.23,3229.9
ODP1209,B,6,H,2,15,17,44.75,50.67,CWUEL,2.77,0.033,3.41,0.033,3235.7
ODP1209,B,6,H,2,25,27,44.85,50.77,CWUEL,2.724,0.197,3.364,0.197,3241.1
ODP1209,B,6,H,2,30,32,44.9,50.82,CWUEL,2.705,0.154,3.345,0.154,3244
ODP1209,B,6,H,2,35,37,44.95,50.87,CWUEL,2.699,0.125,3.339,0.125,3246.4
ODP1209,B,6,H,2,45,47,45.05,50.97,CWUEL,2.723,0.136,3.363,0.136,3250.6
ODP1209,B,6,H,2,55,57,45.15,51.07,CWUEL,2.717,0.149,3.357,0.149,3254.9
ODP1209,B,6,H,2,60,62,45.2,51.12,CWUEL,2.783,0.091,3.423,0.091,3257.5
ODP1209,B,6,H,2,65,67,45.25,51.17,CWUEL,2.91,0.019,3.55,0.019,3260.4
ODP1209,B,6,H,2,75,77,45.35,51.27,CWUEL,2.904,0.16,3.544,0.16,3266
ODP1209,B,6,H,2,85,87,45.45,51.37,CWUEL,2.829,0.197,3.469,0.197,3272.2
ODP1209,B,6,H,2,90,92,45.5,51.42,CWUEL,2.89,0.241,3.53,0.241,3274.9
ODP1209,B,6,H,2,95,97,45.55,51.47,CWUEL,2.903,0.239,3.543,0.239,3277.3
ODP1209,B,6,H,2,105,107,45.65,51.57,CWUEL,2.837,-0.014,3.477,-0.014,3281.5
ODP1209,B,6,H,2,115,117,45.75,51.67,CWUEL,3.012,-0.19,3.652,-0.19,3286
ODP1209,B,6,H,2,120,122,45.8,51.72,CWUEL,3.075,-0.043,3.715,-0.043,3288.7
ODP1209,B,6,H,2,125,127,45.85,51.77,CWUEL,3.126,-0.299,3.766,-0.299,3291.8
ODP1209,B,6,H,2,135,137,45.95,51.87,CWUEL,3.34,-0.411,3.98,-0.411,3297.3
ODP1209,B,6,H,2,140,142,46,51.92,CWUEL,3.25,-0.274,3.89,-0.274,3300
ODP1209,B,6,H,2,145,147,46.05,51.97,CWUEL,3.255,-0.342,3.895,-0.342,3303.1
ODP1209,B,6,H,3,2,4,46.12,52.04,CWUEL,3.216,-0.273,3.856,-0.273,3307.3
ODP1209,B,6,H,3,5,7,46.15,52.07,CWUEL,3.119,-0.261,3.759,-0.261,3309.3
ODP1209,B,6,H,3,15,17,46.25,52.17,CWUEL,2.908,-0.273,3.548,-0.273,3315.8
ODP1209,B,6,H,3,25,27,46.35,52.27,CWUEL,2.637,-0.004,3.277,-0.004,3323.1
ODP1209,B,6,H,3,30,32,46.4,52.32,CWUEL,2.872,0.199,3.512,0.199,3326.5
ODP1209,B,6,H,3,35,37,46.45,52.37,CWUEL,2.707,0.094,3.347,0.094,3329.6
ODP1209,B,6,H,3,45,47,46.55,52.47,CWUEL,2.836,-0.046,3.476,-0.046,3334.5
ODP1209,B,6,H,3,55,57,46.65,52.57,CWUEL,2.888,-0.093,3.528,-0.093,3338.9
ODP1209,B,6,H,3,60,62,46.7,52.62,CWUEL,2.928,0.186,3.568,0.186,3341.4
ODP1209,B,6,H,3,65,67,46.75,52.67,CWUEL,2.884,-0.068,3.524,-0.068,3343.6
ODP1209,B,6,H,3,78,80,46.88,52.8,CWUEL,2.83,-0.031,3.47,-0.031,3349.1
ODP1209,B,6,H,3,85,87,46.95,52.87,CWUEL,2.866,-0.008,3.506,-0.008,3352.5
ODP1209,B,6,H,3,90,92,47,52.92,CWUEL,2.974,0.056,3.614,0.056,3354.5
ODP1209,B,6,H,3,95,97,47.05,52.97,CWUEL,2.902,-0.059,3.542,-0.059,3356.7
ODP1209,B,6,H,3,105,107,47.15,53.07,CWUEL,2.878,0.03,3.518,0.03,3360.7
ODP1209,B,6,H,3,115,117,47.25,53.17,CWUEL,2.735,0.039,3.375,0.039,3364.7
ODP1209,B,6,H,3,120,122,47.3,53.22,CWUEL,2.679,0.205,3.319,0.205,3366.9
ODP1209,B,6,H,3,125,127,47.35,53.27,CWUEL,2.761,0.02,3.401,0.02,3370
ODP1209,B,6,H,3,135,137,47.45,53.37,CWUEL,2.816,-0.373,3.456,-0.373,3375.4
ODP1209,B,6,H,3,140,142,47.5,53.42,CWUEL,2.865,-0.283,3.505,-0.283,3378.1
ODP1209,B,6,H,3,145,147,47.55,53.47,CWUEL,2.985,-0.139,3.625,-0.139,3380.5
ODP1209,B,6,H,4,5,7,47.65,53.57,CWUEL,2.963,-0.146,3.603,-0.146,3384.7
ODP1209,B,6,H,4,15,17,47.75,53.67,CWUEL,2.872,-0.182,3.512,-0.182,3388.7
ODP1209,B,6,H,4,25,27,47.85,53.77,CWUEL,2.691,-0.129,3.331,-0.129,3392.7
ODP1209,B,6,H,4,35,37,47.95,53.87,CWUEL,2.729,0.044,3.369,0.044,3396.5
ODP1209,B,6,H,4,45,47,48.05,53.97,CWUEL,2.778,-0.05,3.418,-0.05,3400.5
ODP1209,B,6,H,4,55,57,48.15,54.07,CWUEL,2.706,-0.109,3.346,-0.109,3404.3
ODP1209,B,6,H,4,65,67,48.25,54.17,CWUEL,2.725,0.023,3.365,0.023,3408.1
ODP1209,B,6,H,4,75,77,48.35,54.27,CWUEL,2.773,0.057,3.413,0.057,3411.9
ODP1209,B,6,H,4,85,87,48.45,54.37,CWUEL,2.509,-0.148,3.149,-0.148,3415.9
ODP1209,B,6,H,4,95,97,48.55,54.47,CWUEL,2.618,-0.084,3.258,-0.084,3419.9
ODP1209,B,6,H,4,105,107,48.65,54.57,CWUEL,2.625,-0.119,3.265,-0.119,3423.9
ODP1209,B,6,H,4,115,117,48.75,54.67,CWUEL,2.731,-0.044,3.371,-0.044,3428.1
ODP1209,B,6,H,4,125,127,48.85,54.77,CWUEL,2.626,-0.144,3.266,-0.144,3432.1
ODP1209,B,6,H,4,135,137,48.95,54.87,CWUEL,2.531,0.023,3.171,0.023,3435.9
ODP1209,B,6,H,4,145,147,49.05,54.97,CWUEL,2.546,0.048,3.186,0.048,3439.7
ODP1209,B,6,H,5,5,7,49.15,55.07,CWUEL,2.591,0.007,3.231,0.007,3443.4
ODP1209,B,6,H,5,15,17,49.25,55.17,CWUEL,2.637,0.052,3.277,0.052,3447.2
ODP1209,B,6,H,5,25,27,49.35,55.27,CWUEL,2.742,0.202,3.382,0.202,3451
ODP1209,B,6,H,5,35,37,49.45,55.37,CWUEL,2.547,0.169,3.187,0.169,3454.8
ODP1209,B,6,H,5,45,47,49.55,55.47,CWUEL,2.658,0.012,3.298,0.012,3458.6
ODP1209,B,6,H,5,55,57,49.65,55.57,CWUEL,2.855,-0.11,3.495,-0.11,3462.6
ODP1209,B,6,H,5,65,67,49.75,55.67,CWUEL,2.821,0.042,3.461,0.042,3466.6
ODP1209,B,6,H,5,67,69,49.77,55.69,,,,,,3467.2
ODP1209,B,6,H,5,78,80,49.88,55.8,CWUEL,2.697,0.379,3.337,0.379,3471.5
ODP1209,B,6,H,5,85,87,49.95,55.87,CWUEL,2.644,0.233,3.284,0.233,3474.1
ODP1209,B,6,H,5,95,97,50.05,55.97,CWUEL,2.53,0.174,3.17,0.174,3478.1
ODP1209,B,6,H,5,105,107,50.15,56.07,CWUEL,2.666,0.246,3.306,0.246,3482.4
ODP1209,B,6,H,5,115,117,50.25,56.17,CWUEL,2.538,0.242,3.178,0.242,3486.4
ODP1209,B,6,H,5,125,127,50.35,56.27,CWUEL,2.644,0.263,3.284,0.263,3490.8
ODP1209,B,6,H,5,135,137,50.45,56.37,CWUEL,2.87,0.173,3.51,0.173,3495
ODP1209,B,6,H,5,145,147,50.55,56.47,CWUEL,2.667,0.139,3.307,0.139,3498.8
ODP1209,B,6,H,6,5,7,50.65,56.57,CWUEL,2.746,0.198,3.386,0.198,3502.8
ODP1209,B,6,H,6,15,17,50.75,56.67,CWUEL,2.572,0.164,3.212,0.164,3507
ODP1209,B,6,H,6,25,27,50.85,56.77,CWUEL,2.638,0.143,3.278,0.143,3511.5
ODP1209,B,6,H,6,35,37,50.95,56.87,CWUEL,2.735,0.25,3.375,0.25,3516.2
ODP1209,B,6,H,6,46,48,51.06,56.98,CWUEL,2.561,0.098,3.201,0.098,3521.5
ODP1209,A,6,H,5,15,17,52.35,57.06,CWUEL,2.529,0.172,3.169,0.172,3526.4
ODP1209,B,6,H,6,55,57,51.15,57.07,CWUEL,2.407,0.191,3.047,0.191,3526.8
ODP1209,A,6,H,5,25,27,52.45,57.16,CWUEL,2.517,0.251,3.157,0.251,3532.4
ODP1209,B,6,H,6,65,67,51.25,57.17,CWUEL,2.473,0.085,3.113,0.085,3533.1
ODP1209,A,6,H,5,35,37,52.55,57.26,CWUEL,2.424,0.162,3.064,0.162,3538.4
ODP1209,A,6,H,5,45,47,52.65,57.36,CWUEL,2.812,-0.062,3.452,-0.062,3543.7
ODP1209,A,6,H,5,55,57,52.75,57.46,CWUEL,2.859,0.218,3.499,0.218,3548.9
ODP1209,A,6,H,5,65,67,52.85,57.56,CWUEL,2.506,0.02,3.146,0.02,3554.2
ODP1209,A,6,H,5,75,77,52.95,57.66,CWUEL,2.704,0.231,3.344,0.231,3559.7
ODP1209,A,6,H,5,85,87,53.05,57.76,CWUEL,2.518,0.282,3.158,0.282,3565.3
ODP1209,A,6,H,5,95,97,53.15,57.86,CWUEL,2.743,0.277,3.383,0.277,3570.9
ODP1209,A,6,H,5,107,109,53.27,57.98,CWUEL,2.668,0.111,3.308,0.111,3577.8
ODP1209,A,6,H,5,115,117,53.35,58.06,CWUEL,2.583,0.096,3.223,0.096,3581.8
ODP1209,A,6,H,5,125,127,53.45,58.16,CWUEL,2.447,0.136,3.087,0.136,3587.3
ODP1209,A,6,H,5,137,139,53.57,58.28,CWUEL,2.692,0.098,3.332,0.098,3595.6
ODP1209,A,6,H,5,145,147,53.65,58.36,CWUEL,2.657,-0.176,3.297,-0.176,3600
,,,,,,,,,,,,,,
ODP1209,A,7,H,3,115,117,59.85,65.86,CWUEL,2.552,0.109,3.192,0.109,
ODP1209,A,7,H,3,120,122,59.9,65.91,CWUEL,2.617,-0.018,3.257,-0.018,
ODP1209,A,7,H,3,125,127,59.95,65.96,CWUEL,2.692,0.132,3.332,0.132,
ODP1209,A,7,H,3,128,130,59.98,65.99,CWUEL,2.667,0.345,3.307,0.345,
ODP1209,A,7,H,4,5,7,60.25,66.26,CWUEL,2.532,0.096,3.172,0.096,
ODP1209,A,7,H,4,10,12,60.3,66.31,CWUEL,2.537,0.249,3.177,0.249,
ODP1209,A,7,H,4,15,17,60.35,66.36,CWUEL,2.792,0.072,3.432,0.072,
ODP1209,A,7,H,4,20,22,60.4,66.41,CWUEL,2.667,0.036,3.307,0.036,
ODP1209,A,7,H,4,25,27,60.45,66.46,CWUEL,2.572,-0.161,3.212,-0.161,
ODP1209,A,7,H,4,30,32,60.5,66.51,CWUEL,2.547,-0.2,3.187,-0.2,
ODP1209,A,7,H,4,35,37,60.55,66.56,CWUEL,2.632,-0.007,3.272,-0.007,
ODP1209,A,7,H,4,40,42,60.6,66.61,CWUEL,2.646,0.103,3.286,0.103,
ODP1209,A,7,H,4,45,47,60.65,66.66,CWUEL,2.481,-0.028,3.121,-0.028,
ODP1209,A,7,H,4,50,52,60.7,66.71,CWUEL,2.746,-0.028,3.386,-0.028,
ODP1209,A,7,H,4,55,57,60.75,66.76,CWUEL,2.681,-0.087,3.321,-0.087,
ODP1209,A,7,H,4,60,62,60.8,66.81,CWUEL,2.336,-0.04,2.976,-0.04,
ODP1209,A,7,H,4,65,67,60.85,66.86,CWUEL,2.441,0.013,3.081,0.013,
ODP1209,A,7,H,4,70,72,60.9,66.91,CWUEL,2.606,0.107,3.246,0.107,
ODP1209,A,7,H,4,75,77,60.95,66.96,CWUEL,2.411,0.031,3.051,0.031,
ODP1209,A,7,H,4,80,82,61,67.01,CWUEL,2.446,0.001,3.086,0.001,
ODP1209,A,7,H,4,85,87,61.05,67.06,CWUEL,2.641,0.051,3.281,0.051,
ODP1209,A,7,H,4,90,92,61.1,67.11,CWUEL,2.476,-0.016,3.116,-0.016,
ODP1209,A,7,H,4,95,97,61.15,67.16,CWUEL,2.511,0.061,3.151,0.061,
ODP1209,A,7,H,4,100,102,61.2,67.21,CWUEL,2.505,-0.118,3.145,-0.118,
ODP1209,A,7,H,4,105,107,61.25,67.26,CWUEL,2.88,0.087,3.52,0.087,
ODP1209,A,7,H,4,110,112,61.3,67.31,CWUEL,2.655,-0.02,3.295,-0.02,
ODP1209,A,7,H,4,115,117,61.35,67.36,CWUEL,2.771,-0.095,3.411,-0.095,
ODP1209,A,7,H,4,120,122,61.4,67.41,CWUEL,2.706,0.103,3.346,0.103,
ODP1209,A,7,H,4,125,127,61.45,67.46,CWUEL,2.581,-0.006,3.221,-0.006,
ODP1209,A,7,H,4,130,132,61.5,67.51,CWUEL,2.646,0.07,3.286,0.07,
ODP1209,A,7,H,4,135,137,61.55,67.56,CWUEL,2.522,0.12,3.162,0.12,
ODP1209,A,7,H,4,138,140,61.58,67.59,CWUEL,2.467,0.126,3.107,0.126,
ODP1209,A,7,H,5,0,2,61.7,67.71,CWUEL,2.642,0.038,3.282,0.038,
ODP1209,A,7,H,5,5,7,61.75,67.76,CWUEL,2.818,0.107,3.458,0.107,
ODP1209,A,7,H,5,10,12,61.8,67.81,CWUEL,2.653,0.116,3.293,0.116,
ODP1209,A,7,H,5,15,17,61.85,67.86,CWUEL,2.608,0.11,3.248,0.11,
ODP1209,A,7,H,5,20,22,61.9,67.91,CWUEL,2.533,0.031,3.173,0.031,
ODP1209,A,7,H,5,25,27,61.95,67.96,CWUEL,2.458,0.069,3.098,0.069,
ODP1209,A,7,H,5,30,32,62,68.01,CWUEL,2.454,-0.045,3.094,-0.045,
ODP1209,A,7,H,5,35,37,62.05,68.06,CWUEL,2.559,-0.067,3.199,-0.067,
ODP1209,A,7,H,5,40,42,62.1,68.11,CWUEL,2.804,-0.05,3.444,-0.05,
ODP1209,A,7,H,5,45,47,62.15,68.16,CWUEL,2.699,-0.021,3.339,-0.021,
ODP1209,A,7,H,5,50,52,62.2,68.21,CWUEL,2.585,-0.057,3.225,-0.057,
ODP1209,A,7,H,5,55,57,62.25,68.26,CWUEL,2.53,0.18,3.17,0.18,