d13C,d18O,foram_species,depth_mcd,age_ka
1.43,3.12,CWUE,0.106454,2.68937
1.23,3.25,CWUE,0.203231,5.13426
0.72,3.78,CWUE,0.300008,7.57915
0.31,4.26,CWUE,0.396785,10.02400
0.33,4.37,CWUE,0.493562,12.46890
0.12,5.01,CBRA,0.590340,14.91380
0.28,4.89,CBRA,0.687117,17.35870
0.41,4.68,CSPP,0.783893,19.80360
0.41,4.77,CWUE,0.783893,19.80360
0.36,4.67,CWUE,0.880670,22.24850
0.35,4.62,CSPP,0.979800,24.62580
0.79,4.42,CWUE,1.084890,26.83280
0.72,4.58,CWUE,1.189980,29.03960
0.80,4.34,CWUE,1.295060,31.24630
0.38,4.38,CWUE,1.295060,31.24630
0.88,4.38,CWUE,1.400160,33.45330
0.55,4.33,CWUE,1.715410,40.07360
0.96,4.28,CWUE,1.820510,42.28060
0.51,4.00,CWUE,1.925590,44.48740
1.02,4.34,CWUE,2.024390,46.75820
0.89,4.12,CSPP,2.121290,49.04870
0.60,4.09,CWUE,2.218180,51.33890
0.85,4.28,CWUE,2.315080,53.62910
0.84,4.22,CWUE,2.315080,53.62910
0.35,4.29,CWUE,2.411980,55.91950
0.19,4.22,CWUE,2.508870,58.20980
0.05,4.53,CWUE,2.605770,60.50000
0.21,4.52,CWUE,2.702670,62.79040
-0.01,4.47,CWUE,2.799570,65.08060
0.48,4.32,CWUE,2.896460,67.37090
0.54,4.33,CWUE,2.896460,67.37090
0.32,4.11,CSPP,2.983670,69.43210
0.40,4.07,CWUE,3.090260,72.68350
1.12,3.78,CWUE,3.187150,76.73540
1.16,3.84,CWUE,3.284040,80.78730
1.20,3.68,CWUE,3.284040,80.78730
1.28,3.76,CWUE,3.380950,84.83960
-0.18,4.06,CWUE,3.477840,88.89160
0.22,4.08,CWUE,3.477840,88.89160
1.21,3.87,CWUE,3.669200,95.85650
1.17,3.56,CWUE,3.949970,103.38900
1.00,3.53,CSPP,4.043570,105.98700
0.87,3.83,CSPP,4.043570,105.98700
0.42,3.62,CWUE,4.137160,108.74000
-0.14,3.89,CSPP,4.230750,111.49300
0.86,3.85,CWUE,4.230750,111.49300
0.82,3.97,CSPP,4.420110,116.95700
1.01,3.67,CSPP,4.543310,120.39500
1.05,3.48,CSPP,4.655330,123.52100
1.06,3.41,CKULL,4.655330,123.52100
0.45,2.98,CSPP,4.767330,126.64600
0.86,2.76,CSPP,4.866560,128.82200
0.07,3.40,CKULL,4.866560,128.82200
0.26,3.83,CWUE,4.957940,130.74600
0.71,2.92,CKULL,4.957940,130.74600
0.16,3.78,CSPP,5.049310,132.67000
0.18,4.71,CWUE,5.138800,134.55400
0.60,4.79,CWUE,5.225100,136.37100
0.31,4.75,CWUE,5.311420,138.18800
0.28,4.85,CWUE,5.398830,140.09000
0.33,4.62,CSPP,5.487140,142.06200
0.29,4.74,CWUE,5.575440,144.03400
0.21,4.53,CSPP,5.663750,146.00600
-0.64,4.36,NUMB,5.663750,146.00600
0.55,3.84,CSPP,5.752050,147.97800
-0.48,4.34,NUMB,5.752050,147.97800
-0.06,4.47,CWUE,5.831520,149.75200
0.13,4.65,CWUE,6.016960,153.89300
0.80,4.45,CWUE,6.105260,155.86500
0.65,4.32,CSPP,6.193570,157.83700
0.08,4.54,CSPP,6.281870,159.80900
0.24,4.40,CSPP,6.370180,161.78100
0.88,4.34,CWUE,6.370180,161.78100
0.91,3.91,CSPP,7.504500,190.91600
1.05,3.45,CWUE,7.610000,193.62900
1.05,3.47,CWUE,7.710000,196.20000
0.51,3.76,CWUE,7.710000,196.20000
1.13,3.55,CWUE,7.810000,198.88000
1.04,3.24,CWUE,7.910000,201.81300
0.92,3.56,CWUE,8.010000,204.74700
1.14,3.49,CWUE,8.110900,207.70600
1.19,3.47,CWUE,8.219900,210.90400
1.04,3.29,CKULL,8.437900,217.29800
0.68,3.33,CKULL,8.546900,220.41300
0.08,3.64,CWUE,8.655900,223.07800
0.33,4.40,CWUE,8.764900,225.74200
0.11,4.21,CWUE,8.764900,225.74200
0.02,4.25,CWUE,8.764900,225.74200
0.93,4.24,CWUE,8.982900,231.08300
0.31,4.10,CWUE,9.091900,234.19700
0.67,4.18,CWUE,9.202180,237.34800
1.00,3.65,CWUE,9.324000,240.82900
0.96,3.06,CWUE,9.445820,243.85900
-0.04,3.33,CSPP,9.567640,246.14300
0.08,4.06,CWUE,9.567640,246.14300
0.36,4.25,CKULL,9.689450,248.42700
0.46,4.11,CSPP,9.811270,250.71100
0.68,4.53,CWUE,9.910340,252.71200
0.63,4.44,CWUE,10.087000,256.85900
0.84,4.62,CWUE,10.123500,257.71800
0.67,4.44,CWUE,10.190100,259.28000
0.66,4.30,CWUE,10.224900,260.09800
0.77,4.18,CWUE,10.224900,260.09800
0.73,4.27,CWUE,10.293200,261.70000
0.09,4.22,CSPP,10.316100,262.23800
0.56,4.37,CWUE,10.396300,264.12300
0.67,4.35,CWUE,10.427600,264.85600
-0.25,4.30,CWUE,10.499400,266.54300
-0.27,4.49,CWUE,10.528900,267.23600
-0.25,4.50,CWUE,10.598200,268.86200
-0.36,4.44,CWUE,10.598200,268.86200
-0.36,4.39,CWUE,10.629200,269.58900
-0.23,4.57,CWUE,10.629200,269.58900
-0.24,4.47,CWUE,10.689800,271.01300
-0.07,4.32,CWUE,10.781300,273.16200
-0.02,4.51,CWUE,10.824200,274.16700
-0.04,4.41,CWUE,10.872900,275.31200
0.11,4.24,CWUE,10.964500,277.46100
-0.42,4.44,CWUE,11.013700,278.61800
0.18,3.85,CWUE,11.331300,288.39200
-0.12,4.08,CWUE,11.410700,290.86700
-0.02,4.09,CWUE,11.490100,293.34200
0.04,4.22,CWUE,11.490100,293.34200
-0.05,4.03,CWUE,11.569500,295.81700
0.48,4.34,CWUE,11.641000,298.04500
-0.03,4.05,CWUE,11.728300,300.76500
1.10,4.15,CWUE,11.810400,303.34600
1.00,4.22,CWUE,11.917500,306.91800
1.14,3.79,CWUE,11.917500,306.91800
-0.14,4.23,CSPP,12.121200,313.70700
0.64,3.47,CWUE,12.264100,318.46900
0.68,3.53,CWUE,12.335500,320.85000
0.30,3.67,CWUE,12.411100,323.29000
1.21,3.10,CWUE,12.525300,326.28100
1.20,3.15,CWUE,12.639500,329.27400
0.84,3.01,CSPP,12.753800,332.26700
0.69,2.79,CWUE,12.841800,334.68900
-0.06,2.91,CKULL,12.912000,336.90500
-0.14,3.16,CWUE,12.912000,336.90500
-0.75,3.72,CSPP,12.975200,338.90000
-0.29,3.74,CSPP,12.975200,338.90000
0.04,4.54,CWUE,13.122500,343.55300
-0.21,4.41,CWUE,13.122500,343.55300
0.48,4.75,CWUE,13.192600,345.76700
-0.08,3.97,CWUE,13.284200,348.16800
0.64,4.37,CWUE,13.378400,350.59100
-0.17,4.38,CWUE,13.472500,353.01400
-0.19,4.33,CWUE,13.566600,355.43700
-0.10,4.46,CWUE,13.660700,357.86000
0.40,4.38,CWUE,13.943000,365.12600
0.70,4.33,CWUE,14.037100,367.54900
0.62,4.42,CWUE,14.037100,367.54900
0.63,4.22,CWUE,14.131200,369.97100
0.27,4.26,CWUE,14.225300,372.39400
0.75,4.16,CWUE,14.310000,374.57500
0.58,4.10,CWUE,14.413600,377.24000
0.73,3.90,CSPP,14.507700,379.66300
0.37,4.23,CWUE,14.601800,382.08600
0.90,3.77,CWUE,14.695800,384.50600
0.93,4.15,CWUE,14.789900,386.92900
0.96,3.80,CWUE,14.884000,389.35200
1.03,3.90,CKULL,14.884000,389.35200
0.92,3.86,CKULL,14.978200,391.77500
1.10,3.79,CWUE,15.072300,394.19700
0.91,3.90,CKULL,15.072300,394.19700
1.03,3.63,CWUE,15.166400,396.62000
0.55,3.69,CWUE,15.260500,399.35100
1.25,3.29,CWUE,15.349400,402.31300
1.18,3.50,CWUE,15.436900,405.23000
1.18,3.39,CKULL,15.436900,405.23000
1.08,2.89,CWUE,15.524300,408.14300
1.04,2.90,CWUE,15.598300,410.06300
1.32,2.87,CWUE,15.656500,411.34400
0.91,3.26,CBRA,15.727700,412.91000
0.84,3.46,CBRA,15.792400,414.33300
0.27,3.57,CSPP,15.792400,414.33300
0.20,3.84,CBRA,15.887100,416.41600
-0.25,4.65,CWUE,15.887100,416.41600
1.12,3.14,CKULL,15.997700,418.84900
0.67,3.88,CWUE,15.997700,418.84900
0.66,3.72,CWUE,16.108400,421.03900
0.93,3.79,CKULL,16.202100,422.70400
-0.03,5.05,CWUE,16.219200,423.00800
-0.13,5.01,CWUE,16.249300,423.54300
-0.11,5.01,CWUE,16.249300,423.54300
-0.25,4.78,CWUE,16.273800,423.97900
-0.52,4.81,CWUE,16.319900,424.79900
-0.22,4.95,CWUE,16.343500,425.21800
-0.18,4.88,CWUE,16.369400,425.67800
0.11,4.76,CWUE,16.404800,426.30800
0.09,4.67,CWUE,16.417100,426.52700
0.24,4.74,CWUE,16.417100,426.52700
0.41,4.22,CSPP,16.464900,427.37500
0.38,4.40,CWUE,16.512600,428.22400
0.42,4.47,CWUE,16.532100,428.57100
0.59,4.13,CWUE,16.560300,429.07300
0.48,4.39,CWUE,16.579300,429.40900
0.41,4.37,CWUE,16.608200,429.92300
0.33,4.38,CWUE,16.651100,430.68600
-0.15,4.37,CWUE,16.667400,430.97500
-0.04,4.58,CWUE,16.703600,431.62000
0.44,4.57,CWUE,16.799600,433.32700
0.09,4.48,CWUE,16.799600,433.32700
0.30,4.41,CWUE,16.998000,438.08000
0.72,4.24,CWUE,17.108200,442.85500
0.68,4.19,CWUE,17.218400,447.63000
0.59,4.31,CWUE,17.371000,454.24300
0.39,4.48,CWUE,17.371000,454.24300
0.31,3.89,CCIC,17.545500,461.80300
1.06,3.87,CKULL,17.824700,473.90200
1.25,3.95,CWUE,17.824700,473.90200
0.83,3.54,CKULL,18.068800,484.11700
1.13,3.68,CWUE,18.068800,484.11700
1.44,3.40,CWUE,18.219200,488.67400
-0.99,3.54,CKULL,18.219200,488.67400
1.11,3.45,CKULL,18.342100,492.17100
1.23,3.56,CBRA,18.478800,496.05800
1.40,3.53,CWUE,18.629200,500.33500
1.15,3.36,CSPP,18.765900,504.22100
1.32,3.63,CWUE,18.888800,507.71800
1.51,3.83,CWUE,19.025500,511.60500
1.45,3.95,CWUE,19.247800,518.09800
1.48,3.68,CWUE,19.247800,518.09800
1.30,3.73,CSPP,19.326000,520.51500
1.45,3.57,CWUE,19.393500,522.60400
0.85,3.80,CWUE,19.491200,525.62500
0.78,3.71,CWUE,19.491200,525.62500
1.21,3.66,CWUE,19.515700,526.38100
1.10,3.76,CWUE,19.518200,526.46100
0.70,4.14,CWUE,19.551700,527.49700
0.92,3.54,CCIC,19.576700,528.26800
0.50,3.87,CWUE,19.585300,528.53500
0.36,3.99,CWUE,19.618800,529.57100
0.54,4.33,CWUE,19.637700,530.15600
0.40,4.01,CWUE,19.637700,530.15600
0.39,4.29,CWUE,19.658200,530.78900
0.42,4.33,CWUE,19.658200,530.78900
0.36,4.28,CWUE,19.706800,532.29400
0.52,4.34,CWUE,19.706800,532.29400
0.61,4.40,CWUE,19.745700,533.49600
0.47,4.41,CWUE,19.784500,534.69600
0.96,4.50,CWUE,19.823400,535.89900
0.98,4.53,CWUE,19.862200,537.09800
0.75,4.40,CWUE,19.862200,537.09800
0.55,4.45,CWUE,19.901100,538.30100
0.80,4.40,CWUE,19.939800,539.50000
0.19,4.33,CWUE,19.980700,540.76200
0.55,4.47,CWUE,19.980700,540.76200
0.54,4.38,CWUE,20.022200,542.04800
0.77,4.33,CWUE,20.063700,543.33000
0.41,4.16,CWUE,20.105200,544.61600
0.70,4.10,CWUE,20.146800,545.90100
0.62,4.05,CWUE,20.188300,547.86600
0.74,3.94,CWUE,20.229800,549.89400
0.87,4.05,CWUE,20.229800,549.89400
0.68,4.10,CWUE,20.271400,551.92100
0.16,3.77,CWUE,20.312800,553.94400
0.83,3.27,CSPP,20.440900,560.19000
0.97,3.91,CWUE,20.494400,562.80000
0.91,4.04,CWUE,20.574600,566.61500
1.08,3.49,CWUE,20.617100,568.40500
1.21,3.27,CWUE,20.662300,570.30700
1.22,3.09,CWUE,20.707600,572.21400
1.20,3.18,CWUE,20.752800,574.11700
1.22,3.25,CWUE,20.798000,576.02300
0.63,3.27,CBRA,20.843200,577.92600
0.58,3.16,CSPP,20.888500,579.83200
0.26,3.46,CBRA,20.933700,581.73500
0.35,4.27,CWUE,20.933700,581.73500
0.15,4.04,CWUE,20.979000,583.64200
-0.33,3.82,CWUE,21.024200,585.54400
0.07,4.23,CWUE,21.069500,587.45100
1.05,3.80,CWUE,21.106100,588.99600
0.68,4.13,CWUE,21.142700,590.45900
0.86,4.22,CWUE,21.142700,590.45900
1.00,3.79,CWUE,21.216000,593.09900
0.96,3.73,CWUE,21.289200,595.74000
1.01,3.95,CWUE,21.362500,598.38000
0.72,3.92,CWUE,21.399100,599.70200
0.97,3.72,CWUE,21.437900,601.10000
0.36,3.92,CWUE,21.437900,601.10000
0.14,3.97,CWUE,21.488700,602.93000
0.43,3.96,CWUE,21.488700,602.93000
0.81,3.79,CWUE,21.539400,604.75600
1.16,4.33,CWUE,21.590100,606.58600
1.07,3.66,CWUE,21.640800,608.41200
1.22,3.31,CWUE,21.691500,610.24100
1.00,3.64,CWUE,21.742200,612.06700
1.08,3.60,CWUE,21.742200,612.06700
1.14,3.60,CWUE,21.793000,613.89700
1.15,3.17,CWUE,21.843600,615.72300
0.99,3.34,CWUE,21.843600,615.72300
1.02,3.40,CWUE,21.894400,617.55300
0.95,3.50,CWUE,21.945000,619.37900
0.41,3.84,CWUE,21.995800,621.25700
0.30,4.93,CWUE,22.045300,623.45800
0.03,4.62,CWUE,22.093800,625.61600
0.15,4.98,CWUE,22.142300,627.76900
0.13,5.02,CWUE,22.190800,629.92200
0.39,4.98,CWUE,22.239300,632.08000
0.30,4.96,CWUE,22.287800,634.02800
0.53,4.97,CWUE,22.336300,635.82600
0.44,5.01,CWUE,22.384800,637.62100
0.14,4.71,CWUE,22.384800,637.62100
0.39,4.81,CWUE,22.433300,639.41900
0.44,4.81,CWUE,22.433300,639.41900
0.22,4.87,CWUE,22.481800,641.21400
0.33,4.75,CWUE,22.530300,643.01200
0.10,4.66,CWUE,22.578800,644.80700
-0.13,4.64,CWUE,22.627300,646.60500
0.23,4.68,CWUE,22.675800,648.39900
0.53,4.58,CWUE,22.724300,650.19800
0.59,4.62,CWUE,22.767000,651.77600
0.26,4.48,CWUE,22.806900,653.25500
0.21,4.48,CWUE,22.846700,654.73000
0.14,4.52,CWUE,22.886600,656.20900
0.58,4.46,CWUE,22.926500,657.68400
-0.01,4.36,CWUE,22.966400,659.16300
-0.15,4.46,CWUE,23.006200,660.63900
0.70,4.27,CWUE,23.046200,662.11700
0.70,4.08,CWUE,23.046200,662.11700
0.81,4.38,CWUE,23.086000,663.59300
0.37,4.43,CWUE,23.125900,665.07100
-0.60,4.32,CSPP,23.165800,666.54700
-0.24,4.56,CWUE,23.205900,668.03500
0.36,4.45,CWUE,23.246200,669.52600
0.25,4.55,CWUE,23.246200,669.52600
0.20,4.25,CWUE,23.286400,671.01600
-0.43,4.31,CWUE,23.326800,672.51000
-0.12,4.46,CWUE,23.367000,674.00100
0.24,4.39,CWUE,23.407400,675.49500
0.62,4.28,CWUE,23.447600,676.98500
0.67,3.95,CWUE,23.487900,678.47900
0.61,4.04,CWUE,23.528200,679.97000
0.71,4.19,CWUE,23.528200,679.97000
0.34,4.00,CWUE,23.608800,682.95400
0.85,3.90,CKULL,23.689300,685.93900
0.70,3.75,CBRA,23.713400,686.83100
0.89,3.66,CWUE,23.745800,688.02800
1.05,3.60,CWUE,23.745800,688.02800
1.00,3.56,CWUE,23.793200,689.78600
0.51,3.53,CWUE,23.804800,690.21600
1.01,3.47,CKULL,23.851300,691.93700
1.15,3.39,CWUE,23.921000,694.50200
1.25,3.45,CWUE,23.967400,696.20500
0.77,3.48,CBRA,24.037100,698.76000
0.99,3.59,CCIC,24.083500,700.46300
1.20,3.63,CWUE,24.141600,702.59200
1.16,3.51,CWUE,24.141600,702.59200
0.72,3.73,CBRA,24.153200,703.01800
-0.31,4.15,CWUE,24.373900,710.46200
0.40,3.89,CWUE,24.431900,712.39800
-0.16,4.07,CWUE,24.490000,714.33300
0.84,3.58,CWUE,24.501600,714.72000
-0.50,4.20,CWUE,24.606100,718.20400
-0.16,4.44,CWUE,24.617700,718.59100
-0.34,4.38,CWUE,24.664200,720.14000
-0.28,4.39,CWUE,24.722300,722.07500
-0.27,4.41,CWUE,24.733900,722.46200
0.68,4.24,CWUE,24.780300,724.00700
-0.08,4.37,CWUE,24.838400,725.19300
0.18,4.36,CWUE,24.838400,725.19300
0.73,4.28,CWUE,24.896500,726.37900
0.89,4.10,CWUE,24.954500,727.56500
0.89,4.20,CWUE,24.966100,727.80300
0.73,4.24,CWUE,25.012600,728.75200
1.07,3.83,CWUE,25.070600,729.93800
1.12,3.95,CWUE,25.082300,730.17500
1.01,4.02,CWUE,25.128700,731.12400
1.04,3.65,CWUE,25.186800,732.31000
1.03,3.87,CWUE,25.198400,732.54800
0.98,3.98,CWUE,25.302900,734.68300
0.99,3.95,CWUE,25.314500,734.92000
0.45,3.91,CWUE,25.419000,737.05500
0.69,3.91,CWUE,25.477100,738.24200
0.75,3.92,CWUE,25.535200,739.42800
0.60,3.93,CWUE,25.546800,739.66500
0.07,4.52,CWUE,25.593500,740.62000
-0.06,4.45,CWUE,25.711200,743.04500
0.08,4.37,CWUE,25.781800,745.76000
0.04,4.54,CWUE,25.828800,747.57000
0.15,4.28,CWUE,25.887600,749.83300
-0.26,4.08,CWUE,25.899400,750.28500
-0.41,4.40,CWUE,25.946500,752.09500
0.09,4.27,CWUE,26.005300,754.35800
0.15,4.40,CWUE,26.017100,754.81000
0.27,4.23,CWUE,26.122900,758.88200
0.37,4.31,CWUE,26.122900,758.88200
-0.32,3.97,CWUE,26.181800,761.14500
-0.44,3.94,CWUE,26.240600,763.40700
0.84,3.77,CWUE,26.358200,767.93200
0.56,4.04,CWUE,26.406400,769.78500
0.77,3.90,CCIC,26.451900,771.53600
0.60,3.52,CWUE,26.497500,773.28700
0.92,3.77,CWUE,26.588500,776.78900
0.99,3.66,CWUE,26.725100,782.04100
0.14,3.38,CBRA,26.907200,789.00600
0.05,3.38,CWUE,26.916300,789.34300
-0.03,3.32,CSPP,26.916300,789.34300
-0.44,4.54,CWUE,26.952700,790.69200
-0.53,4.43,NUMB,27.002000,792.51700
-0.30,4.56,CWUE,27.111800,796.58400
-0.29,4.72,NUMB,27.166700,798.49300
-0.10,4.69,CWUE,27.221600,800.11800
-0.05,4.55,CWUE,27.232500,800.44300
-0.20,4.62,CWUE,27.276500,801.74400
-0.30,4.20,CWUE,27.276500,801.74400
0.11,4.43,CWUE,27.386300,804.99400
-0.21,4.23,CWUE,27.441200,806.61900
-0.08,4.49,CWUE,27.452200,806.94400
0.56,3.90,CSPP,27.496100,808.24400
0.29,4.37,CWUE,27.496100,808.24400
0.16,4.17,CSPP,27.551000,809.86900
0.15,4.39,CWUE,27.562000,810.19400
0.10,4.40,CWUE,27.562000,810.19400
0.32,4.24,CKULL,27.605900,811.49400
0.32,4.10,CWUE,27.605900,811.49400
-0.26,3.80,NUMB,27.660800,813.11900
0.42,4.04,CWUE,27.671800,813.44400
-0.48,3.87,NUMB,27.715700,814.74400
0.48,3.49,CSPP,27.935300,821.24500
0.76,3.85,CKULL,27.990200,822.87000
0.73,3.23,CSPP,28.001200,823.19500
0.01,3.80,CWUE,28.100000,826.12000
0.77,3.75,CWUE,28.191200,828.81900
0.81,3.88,CSPP,28.200300,829.08900
0.70,3.67,CWUE,28.282400,831.51800
0.78,3.68,CKULL,28.282400,831.51800
0.81,3.94,CKULL,28.291500,831.78800
0.88,3.78,CKULL,28.327900,832.86700
0.34,3.62,CKULL,28.373500,834.21600
0.01,3.79,CKULL,28.373500,834.21600
0.75,3.62,CSPP,28.470000,838.09300
0.65,3.78,CSPP,28.480000,838.53500
0.23,3.66,CWUE,28.580000,842.95300
0.81,3.57,CWUE,28.620000,844.72100
0.75,3.42,CWUE,28.620000,844.72100
0.69,3.43,CWUE,28.670000,846.93000
0.81,3.35,CWUE,28.680000,847.37200
0.74,3.20,CWUE,28.770000,851.34900
0.46,3.21,CSPP,28.780000,851.79100
0.80,3.67,CBRA,28.873800,855.61500
0.66,3.60,CBRA,28.908900,856.90800
0.94,3.21,CWUE,28.961500,858.84600
0.03,3.31,CWUE,29.040500,861.75400
0.83,3.17,CWUE,29.049200,862.07700
-0.01,3.19,CWUE,29.084300,863.36900
-0.14,3.42,CWUE,29.128200,864.98500
-0.46,4.42,CWUE,29.136900,865.30800
-0.34,4.39,CWUE,29.172000,866.60000
-0.33,4.46,CWUE,29.215800,868.21500
-0.30,4.54,CWUE,29.224600,868.53800
-0.85,4.43,NUMB,29.277200,870.47700
-0.37,4.64,CWUE,29.312300,871.76900
-0.04,4.56,CWUE,29.347400,873.06200
-0.47,4.30,NUMB,29.391200,874.67700
-0.21,4.63,CWUE,29.400000,875.00000
-0.12,4.52,CWUE,29.452500,876.98100
-0.85,4.10,NUMB,29.518100,879.45800
-0.06,4.44,CWUE,29.531200,879.95300
-0.44,4.35,CWUE,29.662500,884.90600
-0.24,4.32,CWUE,29.662500,884.90600
0.76,4.24,CWUE,30.043100,899.27700
0.81,4.19,CWUE,30.056200,899.77300
0.95,4.14,CWUE,30.108700,901.75800
0.70,3.81,CSPP,30.174400,904.23900
0.92,3.99,CWUE,30.187500,904.73500
0.07,3.73,CWUE,30.240000,906.71900
0.85,3.95,CWUE,30.305600,909.20000
0.67,3.72,CWUE,30.371200,911.68100
0.66,3.66,CWUE,30.371200,911.68100
0.67,3.74,CWUE,30.436900,914.16200
0.26,3.85,CWUE,30.450000,914.65900
0.62,3.73,CWUE,30.494100,916.32700
0.55,3.53,CWUE,30.494100,916.32700
0.52,3.65,CWUE,30.495200,916.36600
0.49,3.91,CWUE,30.602500,920.42500
-0.10,3.93,CWUE,30.602500,920.42500
0.60,3.69,CWUE,30.608100,920.63400
0.11,4.15,CWUE,30.656600,922.46900
-0.16,4.11,CWUE,30.710800,924.51800
-0.18,4.45,CWUE,30.721000,924.90200
0.13,4.22,CWUE,30.879000,929.76800
0.32,4.09,CWUE,30.879000,929.76800
0.56,4.10,CWUE,30.935500,931.41700
0.09,4.07,CWUE,30.991900,933.06500
0.54,3.54,CWUE,31.048400,934.71400
0.81,3.83,CWUE,31.048400,934.71400
-0.03,4.07,CWUE,31.104800,936.36300
-0.17,3.82,CWUE,31.208400,939.38700
0.81,3.60,CWUE,31.305700,942.22900
0.86,3.59,CWUE,31.354400,943.65100
0.80,3.65,CWUE,31.403100,945.07200
0.70,3.60,CWUE,31.451700,946.49300
0.83,3.59,CWUE,31.500400,947.91400
0.75,3.35,CWUE,31.549100,949.33600
0.69,3.08,NUMB,31.597700,950.75700
1.09,3.17,CWUE,31.646400,952.17800
1.31,4.18,CWUE,31.695100,953.59900
1.08,3.12,CWUE,31.743700,955.02100
1.05,3.18,CWUE,31.743700,955.02100
1.02,3.11,CWUE,31.792400,956.44200
-0.21,4.49,CWUE,31.792400,956.44200
0.82,3.30,CKULL,31.792400,956.44200
0.77,2.86,CWUE,31.841100,957.86300
0.56,2.76,CWUE,31.888300,959.41700
0.15,3.85,CWUE,31.888300,959.41700
0.66,2.76,CWUE,31.930000,961.50000
0.07,4.29,CWUE,31.971700,963.58300
0.18,3.32,CWUE,32.013300,965.66700
-0.09,3.92,CWUE,32.055000,967.75000
0.08,3.82,CWUE,32.096700,969.37000
-0.02,4.37,CWUE,32.139000,970.31100
0.86,4.07,CWUE,32.139000,970.31100
0.95,3.91,CWUE,32.184000,971.31100
0.88,4.29,CWUE,32.229000,972.31100
0.80,4.14,CWUE,32.319000,974.31100
0.89,3.97,CWUE,32.364000,975.31100
0.92,3.98,CWUE,32.364000,975.31100
0.75,4.06,CWUE,32.409000,976.31100
1.19,3.57,CWUE,32.454000,977.31100
1.11,3.46,CWUE,32.499000,978.31100
0.37,3.69,CWUE,32.544000,979.70000
1.10,3.48,CWUE,32.584800,981.74000
0.82,3.56,CWUE,32.584800,981.74000
0.56,3.52,CWUE,32.608800,982.94000
0.94,4.00,CWUE,32.656800,985.34000
0.93,4.18,CWUE,32.710900,988.04400
0.64,3.94,CWUE,32.765300,990.11100
0.90,3.98,CWUE,32.819800,991.82200
0.76,3.90,CWUE,32.874200,993.53300
0.96,3.94,CWUE,32.928700,995.24400
0.98,3.33,CWUE,33.037600,998.66600
1.14,3.87,CWUE,33.037600,998.66600
0.96,3.65,CKULL,33.037600,998.66600
1.11,3.49,CWUE,33.092000,1000.46000
1.04,3.50,CWUE,33.146400,1002.54000
0.93,3.44,CWUE,33.146400,1002.54000
0.97,3.57,CKULL,33.146400,1002.54000
0.88,3.68,CWUE,33.197900,1004.51000
0.24,3.87,CSPP,33.237100,1006.01000
0.71,3.80,CSPP,33.276400,1007.51000
0.89,4.09,CKULL,33.315700,1009.01000
1.03,3.98,CWUE,33.355000,1010.51000
0.90,4.13,CWUE,33.394300,1012.02000
1.00,3.85,CWUE,33.433600,1013.60000
0.34,4.03,CWUE,33.472900,1015.35000
0.84,3.65,CSPP,33.512100,1017.10000
1.20,3.41,CWUE,33.551400,1018.84000
0.68,3.71,CWUE,33.590700,1020.59000
1.14,3.34,CKULL,33.630000,1022.33000
1.23,3.38,CWUE,33.678100,1024.47000
1.12,3.53,CWUE,33.726300,1026.61000
1.02,3.39,CWUE,33.774400,1028.75000
1.01,3.56,CWUE,33.822600,1030.75000
0.92,3.63,CWUE,33.870700,1032.73000
0.52,4.01,CWUE,33.921000,1034.80000
0.98,4.11,CWUE,33.972600,1036.92000
1.01,4.18,CWUE,34.044800,1039.89000
0.85,4.23,CWUE,34.148100,1044.14000
0.71,4.04,CSPP,34.251300,1048.38000
-0.29,4.20,CWUE,34.368700,1053.21000
0.07,4.35,CWUE,34.456200,1056.81000
-0.01,3.93,CWUE,34.457700,1056.87000
0.82,3.54,CWUE,34.572000,1061.57000
0.58,3.38,NUMB,34.628300,1063.88000
0.85,3.47,CKULL,34.636100,1064.20000
0.97,3.38,CWUE,34.711500,1067.30000
1.10,3.04,CWUE,34.787100,1070.41000
1.14,3.09,CWUE,34.787100,1070.41000
0.93,3.45,CKULL,34.862700,1073.47000
1.05,3.09,CWUE,34.938300,1076.24000
1.05,3.34,CWUE,35.013900,1079.01000
1.05,3.68,CWUE,35.089500,1081.78000
1.07,3.76,CWUE,35.167000,1084.83000
0.40,3.68,CWUE,35.251700,1088.96000
0.47,3.82,CWUE,35.336500,1093.09000
0.61,3.42,CWUE,35.336500,1093.09000
0.45,3.93,CWUE,35.421300,1097.22000
0.38,4.04,CWUE,35.506100,1101.35000
0.92,3.86,CSPP,35.606700,1105.04000
1.09,3.47,CWUE,35.717800,1108.43000
0.55,3.09,NUMB,35.828900,1111.83000
0.66,3.53,CBRA,35.828900,1111.83000
0.97,3.65,CWUE,35.940000,1115.26000
0.99,3.67,CWUE,35.940000,1115.26000
0.74,3.70,CWUE,36.051100,1118.75000
0.63,3.96,CWUE,36.153900,1121.98000
-0.01,4.39,CWUE,36.223600,1124.17000
0.24,4.36,CWUE,36.293300,1126.36000
0.41,4.10,CWUE,36.363000,1128.55000
0.76,3.99,CBRA,36.432700,1130.74000
0.24,3.58,CWUE,36.432700,1130.74000
0.86,4.02,CKULL,36.502400,1132.93000
0.36,4.13,CBRA,36.572100,1135.12000
0.99,3.66,CWUE,36.652300,1138.95000
0.87,3.76,CKULL,36.652300,1138.95000
0.90,3.72,CKULL,36.826600,1148.77000
1.13,3.32,CWUE,37.000900,1158.60000
0.98,3.64,CKULL,37.000900,1158.60000
1.21,3.27,CWUE,37.088100,1163.51000
1.24,3.32,CWUE,37.175200,1167.71000
0.76,3.30,CSPP,37.262400,1170.17000
0.73,3.05,NUMB,37.262400,1170.17000
1.15,3.30,CWUE,37.349500,1172.63000
0.76,3.68,CBRA,37.349500,1172.63000
0.70,3.52,CBRA,37.436700,1175.09000
1.00,3.47,CKULL,37.523900,1177.54000
0.59,3.48,CBRA,37.523900,1177.54000
0.88,3.21,NUMB,37.610400,1180.31000
0.86,3.99,CWUE,37.819600,1187.17000
0.37,4.18,CWUE,37.863000,1188.59000
0.68,4.15,CWUE,37.906500,1190.02000
0.61,4.26,CKULL,37.950000,1191.44000
0.62,4.14,CWUE,37.993500,1192.87000
0.21,4.20,CWUE,38.037000,1194.29000
-0.58,3.89,CWUE,38.123900,1197.14000
0.27,4.17,CWUE,38.167400,1198.65000
0.42,4.03,CWUE,38.297800,1203.54000
0.31,3.92,CWUE,38.341300,1205.17000
0.47,4.06,CWUE,38.384800,1206.80000
0.64,3.97,CWUE,38.428300,1208.43000
0.58,3.47,CWUE,38.471700,1210.07000
0.37,3.86,CWUE,38.515200,1211.70000
0.54,3.02,CWUE,38.559100,1213.34000
0.73,3.50,CWUE,38.696200,1218.79000
0.99,3.43,CWUE,38.741800,1220.72000
0.90,3.64,CWUE,38.787500,1222.65000
0.85,3.33,CWUE,38.833200,1224.58000
0.92,3.49,CWUE,38.878800,1226.51000
1.08,3.12,CWUE,39.015900,1232.29000
0.63,3.35,CWUE,39.107200,1236.15000
-0.23,3.20,CWUE,39.152900,1238.08000
-0.30,3.36,CWUE,39.198600,1240.01000
-0.14,3.49,CWUE,39.289900,1243.86000
0.02,3.71,CWUE,39.680600,1259.82000
-0.23,3.82,CWUE,39.733700,1261.88000
0.53,3.26,CWUE,39.840000,1265.99000
0.82,3.54,CWUE,40.143000,1277.70000
0.96,3.40,CWUE,40.167500,1278.65000
1.04,3.29,CWUE,40.190500,1279.54000
0.79,3.38,CWUE,40.214200,1280.45000
1.00,3.25,CWUE,40.238000,1281.38000
1.11,3.44,CWUE,40.260800,1282.26000
0.96,3.32,CWUE,40.285500,1283.21000
1.06,3.45,CWUE,40.307500,1284.03000
0.93,3.37,CWUE,40.333000,1284.99000
0.83,3.61,CWUE,40.400900,1287.53000
0.78,3.65,CWUE,40.447600,1289.28000
-0.09,3.49,CWUE,40.736300,1300.11000
0.08,3.89,CWUE,40.881100,1304.61000
0.65,4.00,CWUE,40.929300,1306.05000
0.66,3.55,CWUE,41.042000,1309.41000
1.04,3.42,CWUE,41.089100,1310.82000
0.88,3.52,CWUE,41.136300,1312.22000
0.78,3.58,CWUE,41.183400,1313.63000
0.56,3.58,CWUE,41.230600,1315.03000
0.67,3.50,CWUE,41.279200,1316.48000
0.83,3.61,CWUE,41.328200,1317.94000
0.61,3.83,CWUE,41.377100,1318.83000
0.77,3.08,CWUE,41.426100,1319.69000
0.54,3.88,CWUE,41.475100,1320.54000
0.49,3.79,CWUE,41.524000,1321.40000
0.62,3.85,CWUE,41.573000,1322.26000
0.62,3.79,CWUE,41.622000,1323.12000
0.44,4.09,CWUE,41.671000,1323.98000
0.58,3.96,CWUE,41.719900,1324.84000
0.57,3.72,CWUE,41.768900,1325.70000
0.49,4.05,CWUE,41.817900,1326.56000
0.07,3.97,CWUE,41.915800,1328.80000
-0.12,3.62,CWUE,41.964800,1331.29000
-0.19,4.06,CWUE,42.013800,1333.78000
0.63,3.22,CWUE,42.160700,1341.25000
0.77,3.32,CWUE,42.209700,1343.74000
0.62,3.59,CWUE,42.258600,1346.23000
0.72,3.63,CWUE,42.307600,1348.71000
0.70,3.55,CWUE,42.356600,1351.20000
0.81,3.28,CWUE,42.405500,1353.69000
0.90,3.27,CWUE,42.454500,1356.18000
0.53,3.00,CWUE,42.552500,1360.23000
1.06,3.16,CWUE,42.650400,1363.05000
0.58,3.54,CWUE,42.804400,1367.49000
1.03,3.49,CWUE,42.856100,1368.98000
0.69,3.63,CWUE,42.959400,1371.96000
0.36,3.92,CWUE,43.114500,1376.44000
0.49,3.94,CWUE,43.166200,1377.93000
0.51,4.04,CWUE,43.217900,1379.42000
0.69,4.07,CWUE,43.269600,1380.91000
0.17,3.77,CWUE,43.321200,1382.40000
0.85,3.94,CWUE,43.372900,1383.89000
0.73,3.98,CWUE,43.424600,1385.38000
0.81,3.74,CWUE,43.476300,1386.87000
0.73,3.62,CWUE,43.528000,1388.36000
0.73,3.05,CWUE,43.630400,1391.63000
1.12,3.65,CWUE,43.681000,1393.27000
1.01,3.62,CWUE,43.731600,1394.92000
1.04,3.49,CWUE,43.782100,1396.57000
0.95,3.48,CWUE,43.832700,1398.22000
1.12,4.62,CWUE,43.874000,1399.57000
1.01,3.15,CWUE,43.933800,1401.52000
0.92,3.36,CWUE,43.994400,1403.50000
0.74,2.70,CWUE,44.025300,1404.51000
0.87,3.59,CWUE,44.095600,1406.80000
0.87,4.04,CWUE,44.196700,1410.10000
0.28,4.26,CWUE,44.297800,1413.40000
0.63,3.86,CWUE,44.398900,1416.70000
0.09,3.50,CWUE,44.601400,1423.98000
0.43,3.74,CWUE,44.702900,1427.97000
1.12,3.34,CWUE,44.804300,1431.95000
0.78,2.54,CWUE,44.905700,1435.94000
0.97,3.16,CWUE,45.007100,1439.92000
0.20,4.09,CWUE,45.466500,1454.09000
0.70,4.15,CWUE,45.594800,1457.90000
1.01,3.59,CWUE,45.848200,1465.69000
1.02,2.94,CWUE,45.968600,1469.92000
1.25,3.39,CWUE,46.089100,1474.14000
1.13,3.41,CKULL,46.209500,1478.37000
1.07,3.33,CKULL,46.330000,1482.60000
0.90,4.22,CWUE,46.808000,1503.47000
0.53,3.08,CWUE,46.927800,1506.40000
1.19,3.68,CSPP,47.287200,1514.38000
1.33,3.64,CWUE,47.407000,1517.04000
1.16,3.43,CWUE,47.526800,1519.71000
0.92,3.69,CWUE,47.646600,1522.37000
0.93,3.70,CWUE,47.766400,1525.03000
0.57,4.26,CSPP,48.006100,1530.36000
0.77,3.70,CSPP,48.126500,1533.03000
0.43,2.78,CWUE,48.246900,1535.71000
0.81,3.14,CWUE,48.487800,1543.59000
0.79,3.67,CSPP,48.605000,1547.46000
0.90,3.25,CWUE,48.717500,1550.92000
1.11,3.12,CSPP,49.055600,1561.33000
1.16,3.35,CWUE,49.168500,1564.80000
1.16,3.35,CWUE,49.281400,1567.95000
0.97,3.61,CWUE,49.509600,1573.18000
1.04,3.80,CWUE,49.965900,1583.15000
0.93,3.48,CSPP,50.500000,1598.22000
1.05,3.42,CSPP,50.640000,1602.11000
0.99,3.25,CSPP,50.780000,1606.00000
0.95,3.47,CSPP,50.875100,1609.52000
1.10,3.35,CSPP,50.970200,1613.05000
1.05,3.23,CSPP,51.065400,1616.54000
0.60,3.63,CSPP,51.160500,1619.90000
1.06,3.33,CSPP,51.255600,1623.26000
1.10,3.51,CWUE,51.284600,1624.28000
0.90,3.39,CWUE,51.331800,1625.95000
0.99,3.47,CWUE,51.354000,1626.73000
0.88,3.28,CWUE,51.379300,1627.62000
1.07,3.45,CWUE,51.426800,1629.30000
0.83,3.90,CKULL,51.474300,1630.98000
0.86,3.85,CWUE,51.474400,1630.98000
0.87,3.64,CWUE,51.521900,1632.66000
0.84,3.61,CWUE,51.573600,1634.35000
1.12,2.96,CWUE,51.609600,1635.27000
1.11,3.26,CWUE,51.641600,1636.09000
1.00,3.26,CWUE,51.709600,1637.83000
0.97,3.22,CWUE,51.777600,1639.57000
1.11,3.26,CSPP,51.781700,1639.67000
0.93,3.26,CWUE,51.845600,1641.31000
1.10,3.25,CWUE,51.908200,1642.91000
0.87,3.23,CWUE,51.949400,1643.96000
1.13,3.45,CWUE,51.990600,1645.03000
0.90,3.81,CWUE,52.031800,1646.84000
1.26,3.14,CWUE,52.072900,1648.64000
0.98,3.95,CWUE,52.114100,1650.45000
1.00,3.98,CWUE,52.196500,1654.07000
0.88,3.81,CWUE,52.278800,1657.69000
0.73,3.75,CWUE,52.320000,1659.50000
0.91,3.88,CWUE,52.402400,1663.12000
0.78,4.00,CWUE,52.443500,1664.93000
0.71,4.08,CWUE,52.525900,1668.55000
0.73,4.01,CWUE,52.567100,1670.36000
0.33,4.14,CWUE,52.611000,1672.29000
1.05,3.62,CWUE,52.666000,1674.45000
0.76,3.89,CWUE,52.720900,1676.01000
1.00,3.67,CWUE,52.775900,1677.57000
0.94,3.61,CWUE,52.830900,1679.12000
0.80,3.37,CWUE,53.105700,1686.91000
0.98,3.30,CWUE,53.270600,1691.58000
0.38,3.32,CWUE,53.380500,1694.70000
0.92,3.04,CWUE,53.490500,1697.81000
-0.22,3.37,CWUE,53.600400,1700.93000
-0.26,3.48,CWUE,53.655400,1702.49000
0.82,3.67,CWUE,54.095100,1714.13000
0.78,3.05,CWUE,54.205000,1716.88000
0.48,2.78,CWUE,54.302400,1720.09000
0.51,3.58,CWUE,54.387100,1723.48000
0.76,3.68,CWUE,54.429400,1725.18000
0.91,3.49,CWUE,54.641200,1732.55000
0.88,3.52,CWUE,54.683500,1733.92000
0.65,2.95,CWUE,54.768200,1736.65000
0.81,4.17,CWUE,54.852900,1739.48000
0.71,4.18,CWUE,54.937600,1742.39000
0.66,3.60,CKULL,55.041300,1745.95000
-0.01,3.62,CKULL,55.286700,1753.54000
1.01,2.69,CWUE,55.532000,1760.64000
1.02,2.98,CWUE,55.777300,1767.74000
0.98,3.13,CWUE,56.485400,1796.38000
0.92,3.50,CSPP,56.593600,1799.98000
0.86,3.49,CSPP,56.827700,1807.43000
0.96,3.30,CSPP,56.944700,1811.17000
0.79,3.30,CSPP,57.060900,1815.43000
0.83,3.40,CSPP,57.170200,1819.44000
0.77,3.31,CSPP,57.279500,1823.46000
0.46,3.21,CSPP,57.388800,1827.51000
0.87,3.19,CKULL,57.498100,1831.56000
0.57,3.86,CKULL,57.602500,1835.51000
0.54,3.90,CKULL,57.705700,1839.42000
0.70,3.90,CSPP,57.808900,1843.26000
0.56,3.88,CSPP,57.912100,1846.33000
0.73,3.46,CSPP,58.015200,1849.40000
0.88,3.40,CSPP,58.118400,1852.47000
0.81,3.18,CSPP,58.216400,1855.72000
0.82,3.72,CKULL,58.309300,1859.16000
0.84,3.79,CKULL,58.402100,1862.60000
0.91,3.55,CSPP,58.495000,1866.39000
1.02,3.42,CKULL,58.587900,1870.43000
1.02,3.48,CKULL,58.680700,1874.36000
1.02,3.56,CKULL,58.787200,1877.91000
1.00,3.47,CKULL,58.884300,1881.14000
0.98,3.35,CKULL,58.981500,1884.38000
1.02,3.40,CKULL,59.078700,1887.18000
0.95,3.35,CKULL,59.175800,1889.88000
0.80,3.40,CKULL,59.273000,1892.58000
0.78,3.44,CSPP,59.370100,1895.28000
0.75,3.37,CKULL,59.467300,1897.98000
-0.12,3.82,CSPP,59.564500,1900.68000
0.59,4.14,CKULL,59.661600,1903.38000
0.39,3.95,CKULL,59.758800,1906.08000
0.58,3.84,CKULL,59.856000,1908.78000
0.70,3.75,CSPP,59.953100,1911.48000
0.80,3.84,CWUE,60.040600,1913.90000
0.73,3.91,CWUE,60.159600,1917.82000
0.37,3.61,CWUE,60.296500,1922.68000
0.98,3.51,CSPP,60.421000,1927.03000
0.90,3.35,CSPP,60.545500,1931.18000
0.90,3.25,CSPP,60.670000,1935.33000
0.90,3.26,CKULL,60.762000,1938.23000
0.76,3.26,CKULL,60.854000,1941.08000
0.73,3.97,CKULL,61.130000,1949.63000
0.60,3.92,CKULL,61.222000,1952.48000
-0.03,3.51,CKULL,61.277200,1954.19000
0.60,3.80,CKULL,61.323200,1955.62000
0.35,3.33,CWUE,61.369400,1957.05000
0.58,3.59,CWUE,61.416300,1958.53000
0.59,3.42,CWUE,61.463200,1960.04000
0.72,3.80,CWUE,61.510200,1961.55000
0.88,3.57,CWUE,61.557100,1963.07000
0.88,3.41,CWUE,61.604000,1964.58000
0.90,3.48,CWUE,61.651000,1966.10000
1.19,3.31,CWUE,61.697900,1967.61000
1.09,3.29,CKULL,61.744800,1969.31000
0.61,3.15,CWUE,61.791800,1971.07000
0.99,3.05,CWUE,61.838700,1972.83000
0.67,2.86,CWUE,61.885600,1974.59000
0.55,3.27,CWUE,61.932500,1976.35000
0.55,3.55,CWUE,62.214100,1986.90000
0.73,3.75,CWUE,62.308000,1990.42000
0.43,3.89,CWUE,62.354900,1992.18000
0.72,3.86,CWUE,62.401800,1993.94000
0.79,3.44,CKULL,62.448700,1996.00000
0.74,3.69,CKULL,62.495600,1998.50000
0.82,3.52,CKULL,62.542500,2001.00000
0.76,3.57,CKULL,62.589400,2003.50000
0.83,3.43,CWUE,62.636200,2006.00000
0.54,3.26,CWUE,62.683100,2008.50000
-0.09,3.35,CWUE,62.730000,2011.00000
0.88,3.66,CWUE,62.776900,2012.61000
-0.27,3.63,CWUE,62.823700,2014.21000
1.19,3.17,CWUE,62.870600,2015.82000
0.98,3.25,CKULL,62.917500,2017.43000
1.00,3.33,CKULL,62.964400,2019.04000
1.08,3.13,CKULL,63.011200,2020.64000
1.06,3.09,CWUE,63.056900,2022.21000
0.99,3.00,CKULL,63.101800,2023.74000
0.94,3.22,CKULL,63.146600,2025.28000
1.15,3.16,CWUE,63.191400,2026.81000
0.98,3.62,CWUE,63.236300,2028.35000
0.99,3.43,CWUE,63.281100,2029.88000
1.16,3.14,CWUE,63.326000,2031.42000
0.94,3.39,CKULL,63.370800,2032.95000
1.06,3.59,CWUE,63.415700,2034.48000
0.95,3.61,CWUE,63.460500,2036.02000
0.93,3.67,CKULL,63.505400,2037.55000
1.03,3.68,CWUE,63.550200,2039.09000
0.95,3.76,CWUE,63.595100,2040.62000
0.98,3.50,CWUE,63.639900,2042.15000
0.97,3.06,CKULL,63.684700,2043.69000
0.99,2.96,CWUE,63.819300,2048.29000
0.86,3.36,CWUE,64.082600,2057.30000
0.90,3.48,CWUE,64.169600,2060.27000
0.52,3.62,CWUE,64.256500,2063.39000
0.77,4.01,CWUE,64.300000,2065.04000
0.30,4.05,CWUE,64.343500,2066.70000
0.20,4.05,CWUE,64.430400,2070.01000
0.44,3.70,CWUE,64.560900,2074.97000
0.53,3.79,CWUE,64.691300,2079.93000
0.10,3.50,CWUE,64.734800,2081.58000
0.45,3.85,CWUE,64.778300,2083.24000
0.37,3.71,CWUE,64.865200,2086.55000
0.79,3.24,CWUE,64.947500,2089.68000
0.86,3.31,CWUE,65.022100,2092.51000
0.73,3.40,CWUE,65.039100,2093.16000
0.90,3.21,CWUE,65.117400,2096.14000
0.81,2.92,CWUE,65.204300,2099.28000
0.71,2.99,CWUE,65.291300,2102.37000
0.79,3.24,CWUE,65.386900,2105.76000
0.83,3.38,CWUE,65.483500,2109.08000
0.90,3.31,CWUE,65.676600,2115.31000
0.77,3.17,CWUE,65.773100,2118.42000
-0.39,3.73,CWUE,65.966200,2124.65000
0.81,3.67,CWUE,66.062800,2127.77000
0.64,3.57,CWUE,66.159300,2130.10000
0.94,3.19,CWUE,66.255900,2132.37000
0.85,3.16,CWUE,66.352400,2134.65000
0.96,2.84,CWUE,66.447600,2136.88000
0.56,2.36,CWUE,66.539400,2139.05000
0.69,3.34,CWUE,66.723100,2144.64000
0.21,3.88,CWUE,66.815000,2147.62000
0.45,4.21,CWUE,67.090600,2156.56000
0.31,3.89,CWUE,67.182400,2159.54000
0.64,3.99,CWUE,67.276100,2162.57000
0.09,3.74,CWUE,67.370400,2165.64000
0.67,3.68,CWUE,67.464800,2168.70000
0.93,3.59,CWUE,67.559200,2171.76000
0.35,3.28,CWUE,67.747900,2177.88000
0.77,3.20,CWUE,67.842300,2180.94000
0.20,3.16,CWUE,67.930400,2183.80000
0.95,3.17,CWUE,68.014500,2186.52000
0.85,3.23,CSPP,68.098500,2189.13000
0.34,2.38,CSPP,68.182600,2191.59000
0.66,3.52,CSPP,68.266700,2194.05000
0.48,3.84,CSPP,68.350700,2196.51000
0.67,3.51,CSPP,68.434800,2198.97000
0.58,3.80,CWUE,68.534100,2201.44000
0.13,3.90,CWUE,68.640000,2203.82000
0.64,3.57,CSPP,68.745900,2206.19000
0.67,3.61,CKULL,68.851800,2208.57000
0.58,3.27,CSPP,68.957600,2210.95000
0.43,3.20,CSPP,69.063500,2215.93000
0.16,3.35,CSPP,69.169400,2220.97000
0.60,3.27,CSPP,69.268800,2223.01000
0.85,3.03,CSPP,69.367500,2225.02000
0.55,3.24,CSPP,69.466100,2227.02000
0.81,3.05,CSPP,69.564800,2229.03000
0.76,3.21,CSPP,69.663500,2231.04000
0.18,3.52,CWUE,69.762100,2233.05000
0.21,3.66,CWUE,69.860800,2235.44000
0.20,3.63,CWUE,69.963300,2237.92000
0.49,3.99,CWUE,70.071700,2240.53000
0.29,3.64,CWUE,70.180000,2243.15000
0.68,3.73,CWUE,70.288300,2245.77000
0.36,3.44,CWUE,70.396700,2248.39000
0.90,2.77,CWUE,70.497900,2250.84000
0.88,2.79,CWUE,70.691000,2255.74000
0.45,3.11,CWUE,70.884100,2262.50000
0.32,2.76,CWUE,71.077200,2269.27000
0.52,3.62,CWUE,71.463400,2282.80000
-0.04,3.41,CWUE,71.560000,2286.18000
0.90,2.74,CWUE,71.897900,2298.02000
0.80,2.62,CWUE,71.994500,2301.41000
0.59,2.50,CWUE,72.042800,2303.09000
0.44,2.74,CWUE,72.287800,2311.49000
0.09,3.56,CWUE,72.534500,2321.74000
0.67,3.33,CWUE,72.682500,2328.65000
0.48,3.73,CWUE,72.879100,2336.96000
0.72,3.30,CWUE,72.924900,2338.07000
0.29,3.48,CWUE,72.970600,2339.19000
0.44,3.12,CWUE,73.016300,2340.31000
0.59,3.16,CWUE,73.062000,2341.43000
0.73,3.25,CWUE,73.107700,2342.54000
0.92,2.94,CWUE,73.153400,2343.66000
0.86,2.85,CWUE,73.199100,2344.78000
0.95,3.04,CWUE,73.244900,2345.90000
0.38,2.99,CWUE,73.290600,2347.02000
0.94,2.94,CWUE,73.336300,2348.66000
0.82,3.00,CKULL,73.427700,2351.94000
-0.01,2.97,CKULL,73.473400,2353.58000
0.72,3.30,CWUE,73.568900,2357.01000
0.49,3.58,CWUE,73.617900,2358.77000
0.60,3.03,CWUE,73.716000,2362.29000
0.63,3.44,CWUE,73.814100,2365.81000
0.59,3.53,CWUE,73.863200,2367.57000
0.39,3.72,CWUE,73.912300,2369.33000
0.87,2.56,CWUE,74.731800,2398.73000
1.18,3.36,CKULL,75.425500,2419.85000
1.18,3.24,CKULL,75.505200,2422.02000
1.00,2.82,CSPP,75.584900,2424.19000
0.98,3.24,CKULL,75.664600,2426.36000
0.89,3.23,CSPP,75.744300,2428.53000
0.71,4.12,CWUE,76.009600,2435.74000
0.59,4.09,CWUE,76.103800,2438.31000
0.13,3.38,CWUE,76.198000,2440.87000
0.60,3.81,CWUE,76.292200,2443.43000
0.80,3.45,CWUE,76.386400,2446.00000
0.38,2.82,CWUE,76.480600,2448.78000
1.12,3.01,CWUE,76.663400,2455.70000
-0.08,2.32,CSPP,76.754700,2459.16000
1.00,3.00,CKULL,76.845900,2462.61000
0.97,3.04,CSPP,76.937200,2466.07000
0.95,2.95,CSPP,77.028500,2469.52000
0.61,3.58,CWUE,77.211000,2476.43000
-0.24,3.74,CWUE,77.302200,2479.89000
0.57,3.82,CWUE,77.494300,2487.13000
0.15,3.39,CWUE,77.601500,2490.42000
0.19,3.58,CWUE,77.708700,2493.71000
0.79,3.42,CWUE,78.030300,2503.58000
0.70,3.39,CKULL,78.137500,2506.87000
0.59,3.07,CWUE,78.244700,2510.16000
0.43,4.04,CWUE,78.351900,2513.45000
0.43,4.26,CWUE,78.566300,2520.03000
0.58,3.92,CWUE,78.780600,2526.61000
0.58,3.62,CKULL,78.990000,2533.03000
0.79,3.31,CSPP,79.090000,2536.10000
0.88,2.97,CSPP,79.190000,2539.17000
0.74,2.67,CKULL,79.304500,2542.68000
0.72,3.33,CSPP,79.562400,2550.05000
0.86,3.32,CKULL,79.691300,2553.61000
0.80,3.29,CSPP,79.807600,2556.83000
0.78,3.63,CKULL,79.918500,2559.90000
0.76,3.25,CSPP,80.029400,2562.97000
0.76,3.33,CKULL,80.140300,2566.04000
0.68,3.42,CKULL,80.251200,2569.10000
0.67,3.34,CKULL,80.362000,2572.17000
0.78,3.16,CSPP,80.472900,2575.24000
0.83,2.74,CSPP,80.583800,2578.31000
0.87,3.37,CKULL,80.694700,2581.38000
0.82,2.97,CSPP,80.805600,2584.45000
0.81,3.28,CKULL,80.916500,2587.51000
0.62,3.29,CSPP,81.027300,2590.58000
0.50,3.36,OUMB,81.093900,2592.42000
0.38,3.05,CWUE,81.204800,2595.49000
0.17,3.45,CWUE,81.315600,2598.56000
0.36,,UVIG,81.431500,2601.77000
0.75,,UVIG,81.550700,2605.75000
0.96,,UVIG,81.669900,2609.78000
0.97,,UVIG,81.789100,2613.82000
0.85,3.23,CWUE,81.908300,2617.85000
0.90,3.34,CKULL,82.015600,2621.48000
0.82,,UVIG,82.146700,2625.60000
0.83,2.63,CWUE,82.265900,2628.97000
,3.05,GORB,82.504300,2635.70000
,3.25,OUMB,82.742700,2642.43000
0.62,3.39,CWUE,82.862700,2645.82000
0.64,,UVIG,82.989400,2649.26000
,3.20,CWUE,83.116100,2652.50000
0.80,3.48,CKULL,83.242800,2655.74000
1.20,,UVIG,83.369500,2658.97000
1.38,,UVIG,83.496200,2662.21000
1.10,3.00,CKULL,83.622800,2665.45000
1.21,3.10,CKULL,83.749500,2668.69000
1.25,,UVIG,84.002900,2675.16000
,3.09,UVIG,84.129600,2678.40000
1.10,,UVIG,84.256300,2681.64000
0.72,3.13,CWUE,84.383000,2684.88000
,3.73,UVIG,84.535100,2688.76000
0.68,,UVIG,84.636400,2691.35000
0.74,3.43,OUMB,84.763100,2694.59000
,3.53,OUMB,84.889800,2697.83000
0.73,3.38,OUMB,85.016500,2701.07000
0.94,,UVIG,85.143200,2704.30000
,3.58,OUMB,85.269900,2707.54000
,3.79,OUMB,85.396600,2710.78000
0.50,3.90,UVIG,85.502000,2713.47000
0.51,3.67,UVIG,85.612000,2716.28000
0.97,3.77,UVIG,85.721000,2719.65000
0.54,3.62,UVIG,85.818600,2722.83000
0.83,2.96,CWUE,85.907400,2725.73000
0.79,2.80,CWUE,85.978400,2728.05000
0.65,3.14,CKULL,86.084900,2731.53000
1.05,2.77,CWUE,86.173700,2734.43000
1.06,3.02,CWUE,86.351200,2740.22000
0.88,2.87,CWUE,86.439900,2743.12000
0.92,2.65,CWUE,86.528700,2746.02000
0.24,2.86,CWUE,86.608600,2748.63000
,2.84,OUMB,86.724000,2752.39000
0.97,2.92,CWUE,86.795000,2754.71000
-0.04,2.84,CWUE,86.883700,2757.61000
0.88,2.99,CWUE,86.972500,2760.51000
,3.00,OUMB,87.061200,2763.41000
,3.19,UVIG,87.150000,2766.40000
0.90,2.67,CWUE,87.255800,2770.11000
,2.64,GORB,87.340400,2773.08000
0.37,3.02,CWUE,87.467300,2777.54000
0.88,2.89,CWUE,87.573100,2781.25000
0.69,2.67,CWUE,87.678800,2784.96000
0.89,2.90,CWUE,87.767500,2788.30000
0.93,2.69,CWUE,87.835000,2790.84000
0.08,2.84,CWUE,87.944700,2794.98000
0.71,3.25,CWUE,88.012200,2797.53000
0.84,3.45,CWUE,88.113400,2801.34000
0.76,3.60,UVIG,88.189400,2804.21000
0.54,3.06,CWUE,88.272200,2807.33000
0.92,3.41,CWUE,88.352800,2811.21000
0.90,3.37,CWUE,88.433400,2815.32000
,,PMURR,88.514000,2819.44000
0.99,3.14,CKULL,88.594600,2823.56000
0.71,2.84,CWUE,88.659100,2826.85000
0.24,2.99,CWUE,88.755800,2831.79000
0.07,3.52,CWUE,88.838200,2834.35000
0.48,3.17,CWUE,88.921500,2836.84000
1.04,3.15,CWUE,89.004700,2839.34000
0.97,2.73,CWUE,89.096200,2842.09000
0.87,3.21,CWUE,89.171100,2844.33000
0.91,2.95,CWUE,89.246000,2846.58000
0.19,3.15,CWUE,89.345900,2849.58000
0.69,3.33,CWUE,89.420800,2851.82000
1.12,3.28,CWUE,89.495700,2854.43000
0.72,3.14,CWUE,89.587200,2858.09000
0.72,2.67,CWUE,89.670400,2861.42000
1.12,2.88,CKULL,89.753600,2864.75000
1.14,2.96,CWUE,89.836900,2868.07000
,2.83,GORB,89.903400,2870.74000
1.09,3.01,CWUE,90.007400,2874.54000
0.92,3.04,CWUE,90.100800,2877.58000
0.95,3.40,UVIG,90.287600,2883.67000
0.60,3.07,CWUE,90.558400,2892.30000
0.61,3.15,CWUE,90.620000,2894.24000
1.13,3.25,CWUE,90.707900,2897.01000
0.48,3.06,CWUE,90.988100,2905.94000
0.34,3.10,CWUE,91.174900,2912.16000
1.04,3.24,CWUE,91.268300,2915.28000
1.05,2.89,CWUE,91.828500,2934.59000
0.65,2.73,CWUE,92.013900,2941.17000
1.00,2.88,CWUE,92.106600,2944.46000
1.02,2.82,CWUE,92.199300,2947.69000
1.12,3.03,CWUE,92.384600,2954.07000
1.08,3.24,CKULL,92.477300,2957.25000
,2.37,OUMB,92.570000,2960.44000
0.84,3.28,CWUE,92.755400,2966.81000
1.10,3.02,CWUE,93.126100,2982.07000
,2.37,OUMB,93.218800,2986.37000
1.06,3.22,CKULL,93.311500,2990.68000
0.95,2.80,CKULL,93.403000,2994.06000
1.11,3.19,CKULL,93.494200,2997.05000
0.86,3.24,CWUE,93.676600,3003.02000
0.75,,UVIG,93.932000,3011.38000
0.91,,UVIG,94.023200,3014.36000
0.80,3.27,CWUE,94.114500,3017.35000
0.52,3.34,CWUE,94.296900,3023.32000
0.63,,UVIG,94.388100,3026.30000
0.73,,UVIG,94.479300,3029.24000
0.44,2.27,CWUE,94.570500,3032.10000
0.31,2.53,CWUE,94.773100,3038.47000
,2.97,CWUE,94.889500,3042.13000
0.70,2.91,CWUE,95.006000,3045.79000
0.85,3.39,CKULL,95.122400,3049.45000
0.31,3.30,CWUE,95.238800,3052.72000
0.41,2.72,CWUE,95.355200,3055.92000
0.89,2.47,CWUE,95.471600,3059.12000
1.04,2.79,CWUE,95.588100,3062.32000
0.96,2.89,CWUE,95.704500,3065.52000
1.09,2.76,CWUE,95.820900,3068.72000
1.08,,UVIG,95.937300,3071.93000
1.06,2.70,CWUE,96.053700,3076.17000
0.67,2.31,CWUE,96.170200,3080.44000
0.98,2.67,CWUE,96.282700,3084.42000
0.85,2.65,CWUE,96.390100,3088.00000
1.02,2.98,CKULL,96.497500,3091.58000
0.82,2.94,CKULL,96.604900,3095.16000
0.45,2.91,CWUE,96.712300,3098.74000
0.91,2.94,CWUE,96.819700,3102.32000
0.70,2.83,CWUE,97.119500,3112.32000
0.95,2.84,CWUE,97.223500,3115.78000
0.85,2.90,CWUE,97.327600,3119.25000
0.75,3.02,CWUE,97.421200,3122.37000
0.62,3.12,CWUE,97.509900,3125.33000
0.67,3.15,OUMB,97.598600,3128.29000
,3.19,OUMB,97.687400,3131.25000
0.83,3.14,CWUE,97.776100,3133.73000
0.73,3.20,CWUE,97.864900,3136.06000
0.72,3.19,CWUE,97.953500,3138.38000
0.70,2.72,UVIG,98.042200,3140.70000
,2.65,GORB,98.130800,3143.03000
0.64,2.99,UVIG,98.227500,3146.55000
0.83,2.53,CWUE,98.312400,3149.63000
0.94,2.62,CWUE,98.393400,3152.58000
,2.49,CWUE,98.474400,3155.29000
0.77,2.63,CKULL,98.555400,3156.95000
0.54,2.36,CWUE,98.636400,3158.60000
,2.50,CWUE,98.717400,3160.25000
0.95,2.90,CWUE,98.799300,3161.92000
,2.56,OUMB,98.880300,3163.58000
0.67,2.74,CWUE,98.961300,3165.49000
1.18,2.55,UVIG,99.034100,3168.66000
1.05,2.76,UVIG,99.105900,3171.78000
1.01,2.88,UVIG,99.177700,3174.90000
1.12,2.96,UVIG,99.250300,3177.70000
1.05,2.71,CWUE,99.322100,3180.46000
1.18,2.58,UVIG,99.393900,3183.22000
,,PMURR,99.466700,3186.06000
,2.71,OUMB,99.543000,3189.08000
0.90,2.90,CKULL,99.620300,3192.13000
1.01,2.45,UVIG,99.696700,3195.15000
1.50,2.64,UVIG,99.773000,3198.18000
1.28,2.68,UVIG,99.925800,3204.22000
1.45,2.64,UVIG,100.002000,3207.24000
1.23,2.89,CKULL,100.146000,3212.92000
1.51,3.01,UVIG,100.208000,3215.39000
1.40,2.61,UVIG,100.271000,3217.87000
1.20,2.85,UVIG,100.333000,3220.34000
,2.68,OUMB,100.409000,3222.95000
,2.68,OUMB,100.517000,3226.56000
,,PMURR,100.625000,3230.17000
,2.81,UVIG,100.732000,3233.75000
,2.93,UVIG,100.949000,3240.37000
0.69,2.95,CWUE,101.059000,3242.88000
1.11,2.69,CWUE,101.169000,3245.42000
1.04,2.61,UVIG,101.280000,3247.96000
,2.72,OUMB,101.312000,3248.70000
,2.85,OUMB,101.389000,3250.47000
1.11,3.01,UVIG,101.499000,3253.01000
0.94,2.71,CWUE,101.610000,3255.54000
,,PMURR,101.727000,3258.25000
1.02,2.92,UVIG,101.872000,3262.15000
,3.13,UVIG,102.017000,3266.24000
1.10,3.02,UVIG,102.162000,3270.30000
1.02,3.12,CSPP,102.260000,3273.07000
1.01,2.87,CWUE,102.306000,3274.34000
0.75,3.18,CSPP,102.356000,3275.76000
1.19,3.03,CSPP,102.448000,3278.35000
0.41,3.53,CSPP,102.632000,3283.52000
0.67,3.34,CSPP,102.724000,3286.20000
0.81,3.39,CSPP,102.816000,3290.96000
0.47,3.54,CSPP,102.903000,3295.47000
0.62,3.53,CSPP,102.983000,3299.64000
0.74,3.50,CSPP,103.064000,3303.80000
0.62,3.36,CSPP,103.225000,3312.13000
1.03,3.23,CSPP,103.307000,3315.89000
0.98,3.16,CSPP,103.392000,3318.74000
0.92,2.94,CSPP,103.478000,3321.60000
0.96,3.03,CSPP,103.564000,3324.46000
1.00,3.04,CSPP,103.649000,3327.78000
0.99,2.99,CSPP,103.782000,3333.09000
1.06,2.91,CSPP,103.953000,3339.31000
1.07,3.06,CSPP,104.037000,3341.99000
0.96,2.83,CSPP,104.122000,3344.67000
0.38,3.07,CSPP,104.207000,3347.35000
0.77,3.00,CSPP,104.291000,3350.03000
0.85,2.93,CSPP,104.376000,3352.71000
1.08,2.85,CSPP,104.461000,3355.39000
0.90,2.98,CSPP,104.545000,3358.52000
1.05,2.72,CSPP,104.630000,3361.79000
0.96,2.81,CSPP,104.715000,3365.05000
0.59,2.90,CSPP,104.799000,3368.32000
0.78,3.37,CSPP,104.884000,3371.58000
-0.31,3.03,CSPP,105.053000,3378.11000
0.68,3.01,CSPP,105.138000,3381.38000
0.13,3.15,CSPP,105.223000,3384.85000
1.05,2.92,CSPP,105.307000,3388.52000
0.98,2.86,CSPP,105.392000,3392.18000
0.90,2.92,CSPP,105.477000,3395.85000
0.93,2.90,CSPP,105.565000,3399.70000
0.94,2.66,CSPP,105.654000,3403.55000
0.88,2.74,CSPP,105.743000,3407.40000
0.93,2.71,CSPP,105.832000,3411.60000
0.79,2.65,CSPP,105.921000,3416.04000
0.80,2.68,CSPP,106.010000,3419.99000
0.73,2.93,CSPP,106.099000,3422.96000
0.74,2.80,CSPP,106.188000,3425.92000
0.39,2.86,CSPP,106.276000,3428.88000
0.90,2.83,CSPP,106.376000,3432.20000
0.75,2.68,CSPP,106.476000,3435.53000
0.92,2.62,CSPP,106.576000,3438.87000
1.04,2.67,CSPP,106.676000,3442.75000
0.98,2.95,CSPP,106.873000,3450.85000
0.99,3.13,CSPP,107.142000,3460.61000
0.90,2.83,CSPP,107.231000,3463.71000
0.66,3.09,CSPP,107.321000,3466.69000
0.59,2.89,CSPP,107.418000,3469.94000
1.11,2.82,CSPP,107.522000,3473.61000
1.08,2.51,CSPP,107.625000,3477.38000
1.14,2.48,CSPP,107.729000,3481.15000
0.92,2.69,CSPP,107.833000,3484.96000
1.15,2.80,CSPP,107.937000,3488.80000
1.14,2.90,CSPP,108.144000,3496.48000
0.92,2.72,CSPP,108.248000,3500.32000
0.92,2.61,CSPP,108.351000,3504.16000
1.14,2.74,CSPP,108.455000,3508.00000
1.04,2.93,CSPP,108.559000,3511.85000
0.98,2.75,CSPP,108.663000,3515.20000
0.56,2.81,CSPP,108.766000,3518.34000
0.77,2.58,CSPP,108.870000,3521.48000
0.99,2.75,CSPP,109.077000,3528.22000
0.80,2.89,CSPP,109.178000,3531.61000
0.35,1.75,CSPP,109.381000,3537.70000
0.58,3.10,CSPP,109.585000,3543.43000
1.10,3.02,CSPP,109.666000,3545.97000
1.00,2.84,CSPP,109.759000,3549.46000
1.17,3.00,CSPP,109.790000,3550.63000
0.74,2.73,CSPP,109.863000,3553.35000
1.00,2.90,CSPP,109.966000,3556.88000
1.22,2.43,CSPP,109.998000,3557.92000
0.66,2.43,CSPP,110.174000,3563.80000
0.95,2.72,CSPP,110.309000,3568.30000
0.94,2.52,CSPP,110.485000,3574.18000
1.08,2.65,CSPP,110.516000,3575.21000
1.11,2.71,CSPP,110.620000,3578.67000
0.48,2.98,CSPP,110.724000,3582.13000
0.83,2.70,CSPP,110.832000,3585.62000
1.04,2.94,CSPP,110.944000,3588.86000
0.91,2.51,CSPP,111.168000,3595.34000
0.96,2.53,CSPP,111.247000,3597.61000
1.17,2.42,CSPP,111.280000,3598.58000
1.03,2.66,CSPP,111.359000,3600.85000
0.92,2.38,CSPP,111.392000,3601.82000
0.88,2.56,CSPP,111.471000,3604.09000
1.17,2.33,CSPP,111.504000,3605.06000
1.12,3.17,CSPP,111.943000,3617.47000
1.09,3.10,CSPP,112.054000,3620.56000
1.05,3.07,CSPP,112.158000,3624.12000
1.00,3.02,CSPP,112.263000,3627.80000
1.08,3.23,CSPP,112.471000,3635.16000
1.22,3.12,CSPP,112.680000,3642.69000
1.16,2.72,CSPP,112.784000,3646.55000
1.10,2.82,CSPP,112.992000,3653.12000
1.11,2.83,CSPP,113.097000,3656.13000
1.11,3.02,CSPP,113.305000,3662.15000
0.67,2.97,CSPP,113.618000,3671.19000
0.85,3.26,CSPP,113.722000,3674.20000
0.95,3.03,CSPP,113.827000,3677.65000
1.14,3.12,CSPP,113.931000,3681.24000
1.10,2.81,CSPP,114.036000,3684.83000
0.94,2.61,CSPP,114.141000,3688.12000
0.95,2.63,CSPP,114.245000,3691.25000
0.83,2.65,CSPP,114.350000,3694.39000
1.13,2.77,CSPP,114.454000,3697.53000
0.86,2.66,CSPP,114.559000,3700.66000
0.90,2.84,CSPP,114.663000,3703.80000
0.39,2.68,CSPP,114.768000,3706.94000
0.60,2.90,CSPP,114.872000,3710.07000
0.90,3.02,CSPP,114.977000,3713.21000
0.70,2.92,CSPP,115.081000,3716.39000
0.77,3.20,CSPP,115.114000,3717.50000
0.77,3.10,CSPP,115.218000,3721.08000
0.90,2.80,CSPP,115.321000,3724.66000
0.82,2.61,CSPP,115.425000,3728.24000
1.08,2.76,CSPP,115.737000,3738.98000
1.19,3.23,CSPP,115.841000,3742.56000
1.05,2.87,CSPP,115.945000,3746.13000
0.86,3.30,CSPP,116.049000,3749.36000
0.83,3.10,CSPP,116.257000,3755.60000
1.00,3.10,CSPP,116.360000,3759.22000
1.08,2.77,CSPP,116.464000,3762.91000
1.09,2.91,CSPP,116.568000,3766.61000
1.15,2.72,CSPP,116.672000,3770.30000
0.92,2.78,CSPP,116.776000,3773.99000
1.13,2.87,CSPP,116.880000,3777.69000
1.06,2.80,CSPP,117.088000,3785.08000
1.10,2.98,CSPP,117.192000,3788.80000
1.37,3.10,CSPP,117.293000,3792.51000
0.91,2.84,CSPP,117.394000,3796.22000
1.07,2.82,CSPP,117.495000,3799.76000
1.04,2.69,CSPP,117.596000,3802.79000
0.88,2.88,CSPP,117.698000,3805.83000
1.11,2.79,CSPP,117.799000,3808.79000
1.02,2.93,CSPP,117.900000,3811.57000
1.03,2.81,CSPP,118.001000,3814.35000
0.79,2.98,CSPP,118.102000,3817.13000
0.91,2.97,CSPP,118.203000,3819.99000
0.61,2.76,CSPP,118.304000,3823.03000
0.62,3.40,CSPP,118.405000,3826.06000
0.56,3.14,CSPP,118.507000,3829.10000
0.56,3.40,CSPP,118.608000,3832.02000
0.42,2.72,CSPP,118.709000,3834.75000
0.74,3.01,CSPP,118.911000,3840.22000
0.82,2.90,CSPP,119.011000,3843.16000
1.10,2.80,CSPP,119.191000,3848.66000
1.23,3.31,CSPP,119.371000,3854.62000
0.83,2.98,CSPP,119.552000,3861.35000
0.87,2.89,CSPP,119.656000,3864.85000
0.79,3.34,CSPP,119.759000,3868.29000
0.99,3.31,CSPP,119.862000,3871.74000
1.03,3.36,CSPP,119.965000,3875.17000
0.66,2.98,CSPP,120.069000,3878.49000
1.11,3.07,CSPP,120.172000,3881.81000
1.09,2.77,CSPP,120.378000,3888.46000
0.87,2.87,CSPP,120.481000,3891.78000
1.18,2.68,CSPP,120.585000,3895.10000
0.92,3.04,CSPP,120.688000,3898.43000
1.06,2.76,CSPP,120.791000,3901.75000
1.06,2.83,CSPP,120.894000,3905.68000
0.98,2.72,CSPP,121.101000,3913.87000
0.99,2.69,CSPP,121.204000,3916.78000
0.60,3.06,CSPP,121.307000,3919.69000
0.59,3.36,CSPP,121.410000,3922.60000
0.42,3.21,CSPP,121.512000,3925.53000
0.55,3.23,CSPP,121.612000,3928.46000
1.19,3.06,CSPP,121.712000,3931.39000
1.06,2.96,CSPP,121.812000,3934.33000
0.76,2.48,CSPP,121.922000,3937.55000
0.85,2.67,CSPP,122.112000,3943.13000
0.88,3.15,CSPP,122.212000,3946.05000
0.77,2.64,CSPP,122.273000,3947.62000
0.62,2.81,CSPP,122.373000,3950.18000
0.58,2.65,CSPP,122.473000,3952.74000
0.73,2.77,CSPP,122.573000,3955.31000
0.93,2.71,CSPP,122.673000,3957.87000
1.15,2.79,CSPP,122.873000,3963.00000
1.11,2.82,CSPP,122.973000,3965.57000
1.11,2.77,CSPP,123.083000,3968.61000
1.05,2.82,CSPP,123.192000,3971.69000
1.03,2.83,CSPP,123.301000,3974.77000
0.98,2.81,CSPP,123.410000,3977.86000
0.87,2.93,CSPP,123.520000,3980.94000
1.18,2.56,CSPP,123.638000,3984.27000
0.97,2.86,CSPP,123.761000,3987.75000
1.07,3.22,CSPP,123.884000,3991.23000
1.14,2.91,CSPP,124.255000,4001.67000
1.19,2.88,CSPP,124.378000,4005.15000
1.10,2.68,CSPP,124.501000,4008.63000
1.09,2.71,CSPP,124.625000,4011.60000
1.12,2.77,CSPP,124.748000,4014.24000
1.03,2.79,CSPP,124.984000,4019.45000
0.86,2.78,CSPP,125.095000,4023.16000
0.94,2.87,CSPP,125.206000,4026.87000
0.70,2.92,CSPP,125.317000,4030.45000
1.05,2.89,CSPP,125.429000,4033.85000
0.91,3.35,CSPP,125.603000,4039.17000
0.81,3.21,CSPP,125.713000,4042.53000
0.81,3.02,CSPP,125.824000,4045.90000
1.02,3.07,CSPP,125.934000,4049.26000
1.01,2.94,CSPP,126.045000,4052.63000
1.02,3.09,CSPP,126.266000,4059.36000
0.94,2.95,CSPP,126.377000,4062.68000
1.03,3.11,CSPP,126.487000,4065.94000
1.00,3.12,CSPP,126.819000,4075.75000
1.03,2.98,CSPP,126.930000,4079.02000
0.84,3.02,CSPP,127.040000,4082.29000
0.63,3.01,CSPP,127.151000,4085.56000
0.86,2.86,CSPP,127.261000,4088.83000
0.94,2.93,CSPP,127.394000,4092.75000
0.83,3.02,CSPP,127.482000,4095.39000
0.93,2.88,CSPP,127.593000,4098.86000
0.95,3.08,CSPP,127.704000,4102.34000
0.71,2.63,CSPP,127.814000,4105.81000
1.18,2.98,CSPP,127.925000,4108.62000
1.03,3.12,CSPP,128.035000,4111.38000
0.94,3.04,CSPP,128.380000,4121.02000
1.08,2.71,CSPP,128.498000,4124.75000
0.97,3.09,CSPP,128.736000,4132.52000
0.64,2.37,CSPP,128.854000,4136.47000
1.25,3.08,CSPP,128.973000,4140.54000
0.98,2.82,CSPP,129.091000,4144.63000
0.83,2.96,CSPP,129.210000,4148.16000
1.01,2.75,CSPP,129.329000,4150.91000
0.98,2.80,CSPP,129.447000,4153.67000
1.00,2.64,CSPP,129.566000,4156.42000
0.61,2.58,CSPP,129.684000,4159.17000
0.99,2.89,CSPP,129.790000,4161.59000
1.02,2.86,CSPP,129.890000,4163.85000
1.04,2.67,CSPP,130.090000,4168.39000
1.17,2.79,CSPP,130.190000,4170.65000
1.00,2.78,CSPP,130.294000,4173.01000
0.92,2.86,CSPP,130.413000,4175.70000
0.88,2.77,CSPP,130.532000,4178.76000
0.94,3.10,CSPP,130.651000,4182.16000
0.86,2.85,CSPP,130.770000,4185.56000
1.17,3.14,CSPP,131.008000,4190.75000
0.60,2.74,CSPP,131.365000,4197.89000
0.56,2.54,CSPP,131.484000,4200.08000
0.60,2.92,CSPP,131.722000,4204.45000
0.52,2.83,CSPP,131.841000,4206.63000
0.33,2.84,CSPP,131.960000,4208.81000
0.75,3.06,CSPP,132.079000,4211.99000
0.51,2.72,CSPP,132.192000,4215.11000
0.53,2.50,CSPP,132.298000,4218.03000
0.62,2.70,CSPP,132.404000,4221.07000
0.56,2.71,CSPP,132.510000,4224.40000
0.71,2.93,CSPP,132.616000,4227.73000
0.57,2.77,CSPP,132.723000,4231.13000
0.78,3.04,CSPP,132.834000,4235.39000
0.97,3.07,CSPP,133.056000,4242.99000
0.86,3.01,CSPP,133.278000,4248.80000
0.89,3.50,CSPP,133.384000,4251.58000
0.63,2.74,CSPP,133.594000,4260.94000
0.94,2.97,CSPP,133.699000,4265.49000
0.98,3.19,CSPP,134.026000,4278.07000
0.61,2.68,CSPP,134.149000,4282.10000
0.95,2.89,CSPP,134.394000,4289.81000
0.97,2.71,CSPP,134.517000,4293.67000
0.96,2.95,CSPP,134.756000,4301.25000
0.67,2.86,CSPP,134.802000,4303.08000
0.51,2.77,CSPP,134.864000,4305.58000
0.86,2.75,CSPP,134.927000,4308.08000
0.78,2.42,CSPP,134.989000,4310.58000
0.83,2.67,CSPP,135.052000,4313.05000
0.58,2.46,CSPP,135.177000,4316.58000
0.51,2.79,CSPP,135.364000,4321.87000
0.86,2.82,CSPP,135.455000,4324.51000
0.96,2.69,CSPP,135.584000,4328.81000
0.95,2.63,CSPP,135.842000,4338.68000
1.00,2.75,CSPP,135.971000,4344.59000
0.91,2.63,CSPP,136.061000,4348.00000
0.95,2.57,CSPP,136.148000,4351.22000
0.79,2.47,CSPP,136.235000,4354.44000
0.89,2.67,CSPP,136.322000,4357.39000
0.67,2.65,CSPP,136.409000,4360.29000
,2.92,OUMB,136.458000,4361.94000
0.61,2.72,CSPP,136.496000,4363.19000
0.90,2.84,CWUE,136.545000,4364.84000
0.91,2.94,CWUE,136.571000,4365.71000
0.55,3.07,CSPP,136.584000,4366.16000
,3.02,OUMB,136.659000,4369.15000
0.94,3.16,CKULL,136.698000,4370.72000
1.00,2.93,CSPP,136.715000,4371.40000
0.90,3.18,OUMB,136.790000,4374.39000
,2.85,OUMB,136.829000,4375.97000
1.06,2.77,CSPP,136.846000,4376.65000
,3.11,OUMB,136.921000,4379.64000
,2.92,OUMB,136.960000,4381.21000
1.01,2.66,CSPP,136.977000,4381.90000
,3.03,OUMB,137.052000,4384.89000
,2.55,GORB,137.092000,4386.46000
1.02,2.71,CSPP,137.109000,4387.14000
0.98,3.04,OUMB,137.183000,4390.13000
,2.63,GORB,137.223000,4391.71000
1.14,2.81,CSPP,137.240000,4392.39000
1.05,2.86,CWUE,137.314000,4395.38000
,2.67,UVIG,137.354000,4396.95000
0.81,2.76,CSPP,137.371000,4397.64000
1.08,2.44,CWUE,137.446000,4400.63000
,2.59,OUMB,137.485000,4402.20000
1.24,2.95,CSPP,137.502000,4402.88000
,2.60,OUMB,137.577000,4405.87000
1.06,2.94,CKULL,137.603000,4406.92000
1.04,2.79,CSPP,137.633000,4408.13000
1.06,2.61,CWUE,137.708000,4411.12000
0.91,2.31,CWUE,137.734000,4412.17000
1.09,2.78,CSPP,137.764000,4413.37000
0.96,2.50,CWUE,137.839000,4416.38000
,2.35,OUMB,137.865000,4417.48000
1.17,2.50,CSPP,137.896000,4418.75000
,2.16,OUMB,137.970000,4421.89000
,2.69,OUMB,137.997000,4422.99000
0.86,2.68,CSPP,138.027000,4424.26000
,2.36,OUMB,138.101000,4427.40000
1.12,2.65,CWUE,138.128000,4428.50000
0.99,2.58,CSPP,138.158000,4429.77000
,2.67,OUMB,138.233000,4432.91000
1.31,,UVIG,138.272000,4434.56000
1.14,2.95,CSPP,138.289000,4435.28000
,2.94,OUMB,138.351000,4437.62000
1.04,2.65,CKULL,138.403000,4439.19000
1.10,2.71,CSPP,138.420000,4439.70000
,2.59,OUMB,138.495000,4441.95000
1.11,2.74,CSPP,138.551000,4443.64000
,2.93,OUMB,138.626000,4445.88000
1.05,2.96,CSPP,138.682000,4447.57000
,2.65,UVIG,138.757000,4449.82000
1.05,2.76,CSPP,138.814000,4451.51000
,2.70,OUMB,138.888000,4453.75000
1.16,2.77,CSPP,138.945000,4455.55000
1.00,2.82,CSPP,139.076000,4460.44000
0.82,2.66,OUMB,139.151000,4463.23000
0.91,2.71,CSPP,139.207000,4465.33000
0.69,2.87,CWUE,139.282000,4468.12000
1.03,2.80,CWUE,139.481000,4475.55000
0.95,2.93,CSPP,139.531000,4477.35000
1.04,2.85,CKULL,139.545000,4477.82000
1.16,,OUMB,139.610000,4479.88000
1.05,2.83,CSPP,139.662000,4481.57000
1.12,2.26,UVIG,139.741000,4484.10000
1.17,2.82,CSPP,139.793000,4485.79000
0.97,2.71,CKULL,139.872000,4488.32000
1.15,3.04,CSPP,139.925000,4490.00000
,2.66,OUMB,140.003000,4492.53000
0.88,2.74,CKULL,140.134000,4497.75000
1.08,2.98,CSPP,140.187000,4500.40000
0.34,2.75,CWUE,140.266000,4504.38000
1.12,2.82,CSPP,140.318000,4507.03000
,2.71,OUMB,140.397000,4511.00000
1.04,3.19,CSPP,140.449000,4513.66000
,2.68,OUMB,140.528000,4517.63000
0.91,2.82,CKULL,140.659000,4524.26000
1.20,3.03,CSPP,140.711000,4526.91000
,2.93,OUMB,140.790000,4530.89000
1.30,3.06,CSPP,140.843000,4533.54000
,2.97,OUMB,140.921000,4537.52000
,2.76,OUMB,141.038000,4543.16000
1.12,2.74,CSPP,141.076000,4544.74000
0.75,2.38,CWUE,141.133000,4547.10000
1.27,2.99,CSPP,141.171000,4548.68000
1.02,2.59,CWUE,141.229000,4551.04000
1.06,2.79,CSPP,141.267000,4552.62000
,2.73,OUMB,141.324000,4554.94000
0.99,2.92,CSPP,141.362000,4556.44000
0.86,2.55,OUMB,141.429000,4559.06000
,2.64,OUMB,141.514000,4562.44000
,2.79,OUMB,141.610000,4566.19000
0.77,2.97,CSPP,141.648000,4567.53000
0.87,3.06,CWUE,141.705000,4569.23000
1.01,3.17,CSPP,141.743000,4570.36000
,2.87,OUMB,141.800000,4572.06000
1.08,2.74,CSPP,141.838000,4573.20000
,2.87,OUMB,141.896000,4574.90000
1.32,3.12,CSPP,141.934000,4576.03000
0.98,2.18,CWUE,141.991000,4577.73000
,2.78,OUMB,142.086000,4581.20000
1.21,2.97,CSPP,142.125000,4582.62000
1.12,2.81,CWUE,142.182000,4584.73000
0.95,3.11,CSPP,142.220000,4586.15000
1.23,2.99,CSPP,142.317000,4589.57000
0.50,2.56,CWUE,142.375000,4591.50000
1.08,2.92,CWUE,142.472000,4594.74000
0.85,2.57,CSPP,142.511000,4596.03000
,2.60,OUMB,142.569000,4597.97000
,2.65,OUMB,142.666000,4601.20000
1.10,3.32,CSPP,142.802000,4605.73000
,2.98,OUMB,142.860000,4607.67000
0.82,2.85,CSPP,142.900000,4609.01000
,3.08,OUMB,142.961000,4611.04000
1.06,3.09,CSPP,143.001000,4612.86000
,2.92,OUMB,143.062000,4615.58000
,2.95,OUMB,143.162000,4620.13000
,2.77,OUMB,143.263000,4624.68000
0.93,2.71,CSPP,143.304000,4626.50000
0.97,2.47,CWUE,143.364000,4629.22000
0.99,3.03,CSPP,143.404000,4631.04000
0.76,2.60,CWUE,143.465000,4633.77000
0.70,2.71,CSPP,143.505000,4635.44000
,2.62,OUMB,143.566000,4637.90000
,2.57,OUMB,143.667000,4642.01000
0.90,2.89,CSPP,143.707000,4643.65000
0.86,2.82,CWUE,143.767000,4645.91000
0.79,2.82,CWUE,143.868000,4649.27000
0.60,2.86,CSPP,143.909000,4650.62000
0.97,3.01,CWUE,143.969000,4652.63000
0.99,3.13,CSPP,144.019000,4654.31000
,2.61,OUMB,144.070000,4655.99000
0.76,2.63,CWUE,144.179000,4660.16000
0.83,2.99,CSPP,144.223000,4661.93000
,2.69,OUMB,144.290000,4664.60000
,,PMURR,144.401000,4669.04000
0.55,2.95,CSPP,144.446000,4670.82000
,2.56,OUMB,144.512000,4673.49000
0.97,2.75,CSPP,144.557000,4675.27000
,2.25,OUMB,144.623000,4677.93000
0.66,2.88,CSPP,144.668000,4679.71000
0.81,2.54,CWUE,144.732000,4682.38000
0.73,2.64,CSPP,144.773000,4684.21000
,2.68,OUMB,144.836000,4686.94000
1.14,2.98,CSPP,144.877000,4688.76000
,2.95,OUMB,144.940000,4691.49000
,2.70,OUMB,145.044000,4696.05000
,2.84,OUMB,145.148000,4700.60000
,2.86,OUMB,145.165000,4701.33000
1.14,3.03,CSPP,145.190000,4702.42000
1.05,2.71,CWUE,145.250000,4705.08000
,2.98,GORB,145.257000,4705.37000
,2.54,OUMB,145.351000,4709.52000
,,PMURR,145.353000,4709.60000
0.99,2.37,CWUE,145.446000,4713.67000
,2.32,GORB,145.457000,4714.13000
0.69,2.83,CKULL,145.635000,4721.97000
0.98,2.53,CWUE,145.825000,4729.75000
,2.48,OUMB,146.393000,4750.88000
1.01,,UVIG,146.487000,4754.64000
1.03,2.76,CKULL,146.582000,4758.39000
,3.24,CKULL,146.677000,4762.15000
0.71,,UVIG,146.771000,4765.91000
,2.95,OUMB,146.866000,4769.66000
,3.18,OUMB,146.961000,4773.33000
0.82,,UVIG,147.059000,4776.46000
1.15,2.68,CWUE,147.258000,4782.74000
,2.75,OUMB,147.357000,4785.89000
1.20,2.84,CWUE,147.456000,4789.03000
1.25,2.86,CWUE,147.555000,4792.17000
0.94,,UVIG,147.655000,4795.33000
1.19,,UVIG,147.754000,4798.50000
1.22,,UVIG,147.853000,4801.66000
1.24,,UVIG,147.952000,4804.83000
1.05,2.80,CWUE,148.051000,4807.99000
1.08,,UVIG,148.249000,4814.28000
1.10,,UVIG,148.338000,4817.08000
1.30,,UVIG,148.426000,4819.89000
,2.68,OUMB,148.515000,4822.69000
1.00,,UVIG,148.604000,4825.50000
1.10,,UVIG,148.782000,4831.11000
1.13,,UVIG,148.870000,4833.91000
1.12,,UVIG,148.959000,4836.71000
0.98,,UVIG,149.048000,4839.52000
0.97,,UVIG,149.155000,4842.88000
0.98,3.09,UVIG,149.259000,4846.19000
1.08,2.98,UVIG,149.306000,4847.65000
0.88,2.93,CWUE,149.306000,4847.68000
1.18,3.12,UVIG,149.350000,4849.05000
1.19,3.17,UVIG,149.402000,4850.76000
1.26,2.64,UVIG,149.453000,4852.58000
1.09,2.69,UVIG,149.505000,4854.41000
,2.85,OUMB,149.556000,4856.23000
,2.69,OUMB,149.608000,4858.05000
1.21,2.72,UVIG,149.660000,4859.87000
0.97,2.80,CWUE,149.709000,4861.61000
1.10,2.71,CWUE,149.757000,4863.32000
1.37,2.74,UVIG,149.806000,4865.03000
0.98,2.68,UVIG,149.854000,4866.74000
1.14,2.83,UVIG,149.884000,4867.77000
0.98,2.60,CWUE,149.951000,4870.17000
0.94,2.59,UVIG,150.000000,4871.88000
1.00,2.77,UVIG,150.049000,4873.59000
0.88,2.44,UVIG,150.097000,4875.31000
0.93,2.42,CWUE,150.126000,4876.34000
0.96,2.67,UVIG,150.194000,4878.73000
1.11,2.58,UVIG,150.243000,4880.45000
0.95,2.81,UVIG,150.291000,4882.16000
0.79,2.87,UVIG,150.340000,4883.87000
0.94,2.94,UVIG,150.388000,4885.58000
0.82,3.03,UVIG,150.437000,4887.30000
,3.40,OUMB,150.485000,4889.01000
,3.31,OUMB,150.534000,4890.72000
1.02,3.36,UVIG,150.582000,4892.44000
0.99,3.27,UVIG,150.631000,4894.15000
0.87,3.23,UVIG,150.679000,4895.86000
,3.36,OUMB,150.728000,4897.57000
0.84,3.13,CWUE,150.776000,4899.52000
0.88,2.83,CWUE,150.825000,4901.54000
1.15,2.85,UVIG,150.874000,4903.56000
1.15,2.91,UVIG,150.922000,4905.59000
0.94,2.80,UVIG,150.971000,4907.61000
1.00,2.77,UVIG,151.019000,4909.63000
0.95,2.62,UVIG,151.097000,4912.87000
1.03,2.72,UVIG,151.116000,4913.67000
0.86,2.66,UVIG,151.165000,4915.70000
0.97,2.74,UVIG,151.213000,4917.72000
0.96,2.58,CWUE,151.242000,4918.93000
1.08,2.78,UVIG,151.310000,4921.76000
1.17,2.50,UVIG,151.340000,4923.00000
1.00,2.90,UVIG,151.410000,4925.05000
0.98,2.74,UVIG,151.440000,4925.92000
0.83,2.43,UVIG,151.510000,4927.97000
0.86,2.94,UVIG,151.560000,4929.43000
1.02,2.64,UVIG,151.590000,4930.31000
0.79,2.92,UVIG,151.630000,4931.48000
0.75,3.04,CKULL,151.710000,4933.82000
0.76,2.95,UVIG,151.760000,4935.28000
0.61,3.07,UVIG,151.810000,4936.74000
0.60,2.96,UVIG,151.830000,4937.32000
,2.74,UVIG,151.910000,4939.66000
0.95,2.68,UVIG,151.940000,4940.54000
,2.64,OUMB,152.010000,4942.58000
1.01,2.76,UVIG,152.060000,4944.05000
0.78,2.09,UVIG,152.110000,4945.51000
0.68,2.83,CKULL,152.140000,4946.38000
,2.78,UVIG,152.210000,4948.43000
0.86,2.73,UVIG,152.260000,4949.89000
,2.87,UVIG,152.310000,4951.35000
0.66,2.21,CWUE,152.410000,4954.28000
0.93,2.76,UVIG,152.470000,4956.03000
0.98,2.66,UVIG,152.510000,4957.20000
1.11,2.39,UVIG,152.590000,4959.54000
0.80,2.54,UVIG,152.701000,4962.79000
0.68,2.69,CWUE,152.788000,4965.34000
1.01,2.50,UVIG,152.876000,4967.89000
1.09,2.46,UVIG,152.963000,4970.44000
1.12,2.56,UVIG,153.033000,4972.48000
0.85,2.86,UVIG,153.138000,4975.55000
,2.59,OUMB,153.229000,4978.23000
,2.52,OUMB,153.328000,4981.11000
,2.45,OUMB,153.426000,4983.98000
1.10,2.55,UVIG,153.525000,4986.86000
,2.57,OUMB,153.623000,4989.74000
0.73,2.41,UVIG,153.722000,4992.62000
0.78,2.98,UVIG,153.909000,4998.09000
0.97,2.79,UVIG,153.996000,5000.65000
,2.50,OUMB,154.084000,5003.21000
0.85,2.51,CWUE,154.172000,5005.77000
0.98,2.46,CWUE,154.259000,5008.33000
0.91,2.18,UVIG,154.347000,5010.89000
,2.83,OUMB,154.417000,5012.94000
,2.60,GORB,154.522000,5016.01000
,2.37,OUMB,154.610000,5018.57000
0.65,2.84,CWUE,154.697000,5021.13000
0.83,2.81,UVIG,154.785000,5023.70000
0.33,2.99,CWUE,154.872000,5026.26000
0.18,2.92,CWUE,154.971000,5029.13000
0.47,2.75,CWUE,155.001000,5030.01000
0.91,2.60,CWUE,155.072000,5032.08000
0.81,2.51,CWUE,155.102000,5032.96000
1.30,3.14,CWUE,155.172000,5035.03000
0.78,2.54,CWUE,155.203000,5035.91000
0.83,2.81,CKULL,155.273000,5037.97000
,2.61,OUMB,155.304000,5038.86000
,2.61,GORB,155.374000,5040.92000
,2.48,OUMB,155.576000,5046.82000
0.64,2.82,CWUE,155.677000,5049.77000
0.83,3.00,CWUE,155.858000,5055.08000
0.82,2.47,CWUE,155.889000,5055.96000
,3.11,OUMB,155.980000,5058.62000
0.92,2.58,CKULL,156.067000,5061.17000
0.81,2.78,CWUE,156.143000,5063.38000